[
  {
    "id": "project-1",
    "name": "Living the Dream",
    "location": "34.83389376209158, 33.589306809695955",
    "city": "Larnaca",
    "images": [
      "https://admin.cy.anys.wizio.co.uk/uploads/living-the-dream/cover/01K0SM4XEG5EVMQGYKWZ2MQR66.jpg",
      "https://admin.cy.anys.wizio.co.uk/uploads/living-the-dream/cover/01K0SM4XEF4EY7CF4J1MB6NSEC.jpg"
    ],
    "units": [
      {
        "id": "unit-1",
        "number": "KB1",
        "plans": [
          "https://admin.cy.anys.wizio.co.uk/uploads/living-the-dream/unit-type/01K0SMJ7TENS6V077TWE7964FA.jpg"
        ],
        "vr": "https://cy.anys.wizio.co.uk/vr/type-b/",
        "car_park": 1,
        "area": 100,
        "gross_area": 100,
        "garden_area": 0,
        "terrace_area": 17.45,
        "pool_area": 0,
        "bathroom": 2,
        "bedroom": 2,
        "price": 15000000,
        "location": "Larnaca",
        "flat_level": 0,
        "building_id": 1,
        "building_slug": "b_847D73",
        "building_type_slug": "type_b",
        "building_name": "KB1",
        "building_class": "b_847D73",
        "building_image": "https://admin.cy.anys.wizio.co.uk/uploads",
        "type": "Type B",
        "type_tag": "Villa",
        "status": 3,
        "project_id": "project-1",
        "project_name": "Living the Dream"
      },
      {
        "id": "unit-2",
        "number": "KB2",
        "plans": [
          "https://admin.cy.anys.wizio.co.uk/uploads/living-the-dream/unit-type/01K0SMJ7TENS6V077TWE7964FA.jpg"
        ],
        "vr": "https://cy.anys.wizio.co.uk/vr/type-b/",
        "car_park": 1,
        "area": 100,
        "gross_area": 100,
        "garden_area": 0,
        "terrace_area": 17.45,
        "pool_area": 0,
        "bathroom": 2,
        "bedroom": 2,
        "price": 15000000,
        "location": "Larnaca",
        "flat_level": 0,
        "building_id": 2,
        "building_slug": "b_778B5F",
        "building_type_slug": "type_b",
        "building_name": "KB2",
        "building_class": "b_778B5F",
        "building_image": "https://admin.cy.anys.wizio.co.uk/uploads",
        "type": "Type B",
        "type_tag": "Villa",
        "status": 1,
        "project_id": "project-1",
        "project_name": "Living the Dream"
      },
      {
        "id": "unit-3",
        "number": "KB3",
        "plans": [
          "https://admin.cy.anys.wizio.co.uk/uploads/living-the-dream/unit-type/01K0SMJ7TENS6V077TWE7964FA.jpg"
        ],
        "vr": "https://cy.anys.wizio.co.uk/vr/type-b/",
        "car_park": 1,
        "area": 100,
        "gross_area": 100,
        "garden_area": 0,
        "terrace_area": 17.45,
        "pool_area": 0,
        "bathroom": 2,
        "bedroom": 2,
        "price": 15000000,
        "location": "Larnaca",
        "flat_level": 0,
        "building_id": 3,
        "building_slug": "b_465B3B",
        "building_type_slug": "type_b",
        "building_name": "KB3",
        "building_class": "b_465B3B",
        "building_image": "https://admin.cy.anys.wizio.co.uk/uploads",
        "type": "Type B",
        "type_tag": "Villa",
        "status": 1,
        "project_id": "project-1",
        "project_name": "Living the Dream"
      },
      {
        "id": "unit-4",
        "number": "KB4",
        "plans": [
          "https://admin.cy.anys.wizio.co.uk/uploads/living-the-dream/unit-type/01K0SMJ7TENS6V077TWE7964FA.jpg"
        ],
        "vr": "https://cy.anys.wizio.co.uk/vr/type-b/",
        "car_park": 1,
        "area": 100,
        "gross_area": 100,
        "garden_area": 0,
        "terrace_area": 17.45,
        "pool_area": 0,
        "bathroom": 2,
        "bedroom": 2,
        "price": 15000000,
        "location": "Larnaca",
        "flat_level": 0,
        "building_id": 4,
        "building_slug": "b_936878",
        "building_type_slug": "type_b",
        "building_name": "KB4",
        "building_class": "b_936878",
        "building_image": "https://admin.cy.anys.wizio.co.uk/uploads",
        "type": "Type B",
        "type_tag": "Villa",
        "status": 1,
        "project_id": "project-1",
        "project_name": "Living the Dream"
      },
      {
        "id": "unit-5",
        "number": "KB5",
        "plans": [
          "https://admin.cy.anys.wizio.co.uk/uploads/living-the-dream/unit-type/01K0SMJ7TENS6V077TWE7964FA.jpg"
        ],
        "vr": "https://cy.anys.wizio.co.uk/vr/type-b/",
        "car_park": 1,
        "area": 100,
        "gross_area": 100,
        "garden_area": 0,
        "terrace_area": 17.45,
        "pool_area": 0,
        "bathroom": 2,
        "bedroom": 2,
        "price": 15000000,
        "location": "Larnaca",
        "flat_level": 0,
        "building_id": 5,
        "building_slug": "b_601728",
        "building_type_slug": "type_b",
        "building_name": "KB5",
        "building_class": "b_601728",
        "building_image": "https://admin.cy.anys.wizio.co.uk/uploads",
        "type": "Type B",
        "type_tag": "Villa",
        "status": 1,
        "project_id": "project-1",
        "project_name": "Living the Dream"
      },
      {
        "id": "unit-6",
        "number": "KA6",
        "plans": [
          "https://admin.cy.anys.wizio.co.uk/uploads/living-the-dream/unit-type/01K0SMGMFZN0HQMJNGWJY6TD7X.jpg"
        ],
        "vr": "https://cy.anys.wizio.co.uk/vr/type-a/",
        "car_park": 1,
        "area": 130,
        "gross_area": 130,
        "garden_area": 0,
        "terrace_area": 60.5,
        "pool_area": 10,
        "bathroom": 2,
        "bedroom": 3,
        "price": 15000000,
        "location": "Larnaca",
        "flat_level": 0,
        "building_id": 6,
        "building_slug": "b_353C67",
        "building_type_slug": "type_b",
        "building_name": "KA6",
        "building_class": "b_353C67",
        "building_image": "https://admin.cy.anys.wizio.co.uk/uploads",
        "type": "Type A",
        "type_tag": "Villa",
        "status": 3,
        "project_id": "project-1",
        "project_name": "Living the Dream"
      },
      {
        "id": "unit-7",
        "number": "KA7",
        "plans": [
          "https://admin.cy.anys.wizio.co.uk/uploads/living-the-dream/unit-type/01K0SMGMFZN0HQMJNGWJY6TD7X.jpg"
        ],
        "vr": "https://cy.anys.wizio.co.uk/vr/type-a/",
        "car_park": 1,
        "area": 130,
        "gross_area": 130,
        "garden_area": 0,
        "terrace_area": 11.1,
        "pool_area": 10,
        "bathroom": 2,
        "bedroom": 3,
        "price": 15000000,
        "location": "Larnaca",
        "flat_level": 0,
        "building_id": 7,
        "building_slug": "b_266F8C",
        "building_type_slug": "type_a",
        "building_name": "KA7",
        "building_class": "b_266F8C",
        "building_image": "https://admin.cy.anys.wizio.co.uk/uploads",
        "type": "Type A",
        "type_tag": "Villa",
        "status": 2,
        "project_id": "project-1",
        "project_name": "Living the Dream"
      },
      {
        "id": "unit-8",
        "number": "KA8",
        "plans": [
          "https://admin.cy.anys.wizio.co.uk/uploads/living-the-dream/unit-type/01K0SMGMFZN0HQMJNGWJY6TD7X.jpg"
        ],
        "vr": "https://cy.anys.wizio.co.uk/vr/type-a/",
        "car_park": 1,
        "area": 130,
        "gross_area": 130,
        "garden_area": 0,
        "terrace_area": 11.1,
        "pool_area": 10,
        "bathroom": 2,
        "bedroom": 3,
        "price": 15000000,
        "location": "Larnaca",
        "flat_level": 0,
        "building_id": 8,
        "building_slug": "b_7C8951",
        "building_type_slug": "type_a",
        "building_name": "KA8",
        "building_class": "b_7C8951",
        "building_image": "https://admin.cy.anys.wizio.co.uk/uploads",
        "type": "Type A",
        "type_tag": "Villa",
        "status": 2,
        "project_id": "project-1",
        "project_name": "Living the Dream"
      },
      {
        "id": "unit-9",
        "number": "KA9",
        "plans": [
          "https://admin.cy.anys.wizio.co.uk/uploads/living-the-dream/unit-type/01K0SMGMFZN0HQMJNGWJY6TD7X.jpg"
        ],
        "vr": "https://cy.anys.wizio.co.uk/vr/type-a/",
        "car_park": 1,
        "area": 130,
        "gross_area": 130,
        "garden_area": 0,
        "terrace_area": 11.1,
        "pool_area": 10,
        "bathroom": 2,
        "bedroom": 3,
        "price": 15000000,
        "location": "Larnaca",
        "flat_level": 0,
        "building_id": 9,
        "building_slug": "b_16406E",
        "building_type_slug": "type_a",
        "building_name": "KA9",
        "building_class": "b_16406E",
        "building_image": "https://admin.cy.anys.wizio.co.uk/uploads",
        "type": "Type A",
        "type_tag": "Villa",
        "status": 2,
        "project_id": "project-1",
        "project_name": "Living the Dream"
      },
      {
        "id": "unit-10",
        "number": "KA10",
        "plans": [
          "https://admin.cy.anys.wizio.co.uk/uploads/living-the-dream/unit-type/01K0SMGMFZN0HQMJNGWJY6TD7X.jpg"
        ],
        "vr": "https://cy.anys.wizio.co.uk/vr/type-a/",
        "car_park": 1,
        "area": 130,
        "gross_area": 130,
        "garden_area": 0,
        "terrace_area": 11.1,
        "pool_area": 10,
        "bathroom": 2,
        "bedroom": 3,
        "price": 15000000,
        "location": "Larnaca",
        "flat_level": 0,
        "building_id": 10,
        "building_slug": "b_67406D",
        "building_type_slug": "type_a",
        "building_name": "KA10",
        "building_class": "b_67406D",
        "building_image": "https://admin.cy.anys.wizio.co.uk/uploads",
        "type": "Type A",
        "type_tag": "Villa",
        "status": 2,
        "project_id": "project-1",
        "project_name": "Living the Dream"
      },
      {
        "id": "unit-11",
        "number": "KA11",
        "plans": [
          "https://admin.cy.anys.wizio.co.uk/uploads/living-the-dream/unit-type/01K0SMGMFZN0HQMJNGWJY6TD7X.jpg"
        ],
        "vr": "https://cy.anys.wizio.co.uk/vr/type-a/",
        "car_park": 1,
        "area": 130,
        "gross_area": 130,
        "garden_area": 0,
        "terrace_area": 11.1,
        "pool_area": 10,
        "bathroom": 2,
        "bedroom": 3,
        "price": 15000000,
        "location": "Larnaca",
        "flat_level": 0,
        "building_id": 11,
        "building_slug": "b_739594",
        "building_type_slug": "type_a",
        "building_name": "KA11",
        "building_class": "b_739594",
        "building_image": "https://admin.cy.anys.wizio.co.uk/uploads",
        "type": "Type A",
        "type_tag": "Villa",
        "status": 2,
        "project_id": "project-1",
        "project_name": "Living the Dream"
      },
      {
        "id": "unit-12",
        "number": "KA12",
        "plans": [
          "https://admin.cy.anys.wizio.co.uk/uploads/living-the-dream/unit-type/01K0SMGMFZN0HQMJNGWJY6TD7X.jpg"
        ],
        "vr": "https://cy.anys.wizio.co.uk/vr/type-a/",
        "car_park": 1,
        "area": 130,
        "gross_area": 130,
        "garden_area": 0,
        "terrace_area": 11.1,
        "pool_area": 10,
        "bathroom": 2,
        "bedroom": 3,
        "price": 15000000,
        "location": "Larnaca",
        "flat_level": 0,
        "building_id": 12,
        "building_slug": "b_396365",
        "building_type_slug": "type_a",
        "building_name": "KA12",
        "building_class": "b_396365",
        "building_image": "https://admin.cy.anys.wizio.co.uk/uploads",
        "type": "Type A",
        "type_tag": "Villa",
        "status": 2,
        "project_id": "project-1",
        "project_name": "Living the Dream"
      },
      {
        "id": "unit-13",
        "number": "KA14",
        "plans": [
          "https://admin.cy.anys.wizio.co.uk/uploads/living-the-dream/unit-type/01K0SMGMFZN0HQMJNGWJY6TD7X.jpg"
        ],
        "vr": "https://cy.anys.wizio.co.uk/vr/type-a/",
        "car_park": 1,
        "area": 130,
        "gross_area": 130,
        "garden_area": 0,
        "terrace_area": 11.1,
        "pool_area": 10,
        "bathroom": 2,
        "bedroom": 3,
        "price": 15000000,
        "location": "Larnaca",
        "flat_level": 0,
        "building_id": 13,
        "building_slug": "b_836A7D",
        "building_type_slug": "type_a",
        "building_name": "KA14",
        "building_class": "b_836A7D",
        "building_image": "https://admin.cy.anys.wizio.co.uk/uploads",
        "type": "Type A",
        "type_tag": "Villa",
        "status": 2,
        "project_id": "project-1",
        "project_name": "Living the Dream"
      },
      {
        "id": "unit-14",
        "number": "KA15",
        "plans": [
          "https://admin.cy.anys.wizio.co.uk/uploads/living-the-dream/unit-type/01K0SMGMFZN0HQMJNGWJY6TD7X.jpg"
        ],
        "vr": "https://cy.anys.wizio.co.uk/vr/type-a/",
        "car_park": 1,
        "area": 130,
        "gross_area": 130,
        "garden_area": 0,
        "terrace_area": 11.1,
        "pool_area": 10,
        "bathroom": 2,
        "bedroom": 3,
        "price": 15000000,
        "location": "Larnaca",
        "flat_level": 0,
        "building_id": 14,
        "building_slug": "b_4A7C6F",
        "building_type_slug": "type_a",
        "building_name": "KA15",
        "building_class": "b_4A7C6F",
        "building_image": "https://admin.cy.anys.wizio.co.uk/uploads",
        "type": "Type A",
        "type_tag": "Villa",
        "status": 2,
        "project_id": "project-1",
        "project_name": "Living the Dream"
      },
      {
        "id": "unit-15",
        "number": "KA16",
        "plans": [
          "https://admin.cy.anys.wizio.co.uk/uploads/living-the-dream/unit-type/01K0SMGMFZN0HQMJNGWJY6TD7X.jpg"
        ],
        "vr": "https://cy.anys.wizio.co.uk/vr/type-a/",
        "car_park": 1,
        "area": 130,
        "gross_area": 130,
        "garden_area": 0,
        "terrace_area": 11.1,
        "pool_area": 10,
        "bathroom": 2,
        "bedroom": 3,
        "price": 15000000,
        "location": "Larnaca",
        "flat_level": 0,
        "building_id": 15,
        "building_slug": "b_87518B",
        "building_type_slug": "type_a",
        "building_name": "KA16",
        "building_class": "b_87518B",
        "building_image": "https://admin.cy.anys.wizio.co.uk/uploads",
        "type": "Type A",
        "type_tag": "Villa",
        "status": 2,
        "project_id": "project-1",
        "project_name": "Living the Dream"
      },
      {
        "id": "unit-16",
        "number": "KA17",
        "plans": [
          "https://admin.cy.anys.wizio.co.uk/uploads/living-the-dream/unit-type/01K0SMGMFZN0HQMJNGWJY6TD7X.jpg"
        ],
        "vr": "https://cy.anys.wizio.co.uk/vr/type-a/",
        "car_park": 1,
        "area": 130,
        "gross_area": 130,
        "garden_area": 0,
        "terrace_area": 11.1,
        "pool_area": 10,
        "bathroom": 2,
        "bedroom": 3,
        "price": 15000000,
        "location": "Larnaca",
        "flat_level": 0,
        "building_id": 16,
        "building_slug": "b_636F8C",
        "building_type_slug": "type_a",
        "building_name": "KA17",
        "building_class": "b_636F8C",
        "building_image": "https://admin.cy.anys.wizio.co.uk/uploads",
        "type": "Type A",
        "type_tag": "Villa",
        "status": 2,
        "project_id": "project-1",
        "project_name": "Living the Dream"
      },
      {
        "id": "unit-17",
        "number": "KA18",
        "plans": [
          "https://admin.cy.anys.wizio.co.uk/uploads/living-the-dream/unit-type/01K0SMGMFZN0HQMJNGWJY6TD7X.jpg"
        ],
        "vr": "https://cy.anys.wizio.co.uk/vr/type-a/",
        "car_park": 1,
        "area": 130,
        "gross_area": 130,
        "garden_area": 0,
        "terrace_area": 11.1,
        "pool_area": 10,
        "bathroom": 2,
        "bedroom": 3,
        "price": 15000000,
        "location": "Larnaca",
        "flat_level": 0,
        "building_id": 17,
        "building_slug": "b_789288",
        "building_type_slug": "type_a",
        "building_name": "KA18",
        "building_class": "b_789288",
        "building_image": "https://admin.cy.anys.wizio.co.uk/uploads",
        "type": "Type A",
        "type_tag": "Villa",
        "status": 2,
        "project_id": "project-1",
        "project_name": "Living the Dream"
      },
      {
        "id": "unit-18",
        "number": "KA19",
        "plans": [
          "https://admin.cy.anys.wizio.co.uk/uploads/living-the-dream/unit-type/01K0SMGMFZN0HQMJNGWJY6TD7X.jpg"
        ],
        "vr": "https://cy.anys.wizio.co.uk/vr/type-a/",
        "car_park": 1,
        "area": 130,
        "gross_area": 130,
        "garden_area": 0,
        "terrace_area": 11.1,
        "pool_area": 10,
        "bathroom": 2,
        "bedroom": 3,
        "price": 15000000,
        "location": "Larnaca",
        "flat_level": 0,
        "building_id": 18,
        "building_slug": "b_87508A",
        "building_type_slug": "type_a",
        "building_name": "KA19",
        "building_class": "b_87508A",
        "building_image": "https://admin.cy.anys.wizio.co.uk/uploads",
        "type": "Type A",
        "type_tag": "Villa",
        "status": 2,
        "project_id": "project-1",
        "project_name": "Living the Dream"
      },
      {
        "id": "unit-19",
        "number": "KA20",
        "plans": [
          "https://admin.cy.anys.wizio.co.uk/uploads/living-the-dream/unit-type/01K0SMGMFZN0HQMJNGWJY6TD7X.jpg"
        ],
        "vr": "https://cy.anys.wizio.co.uk/vr/type-a/",
        "car_park": 1,
        "area": 130,
        "gross_area": 130,
        "garden_area": 0,
        "terrace_area": 11.1,
        "pool_area": 10,
        "bathroom": 2,
        "bedroom": 3,
        "price": 15000000,
        "location": "Larnaca",
        "flat_level": 0,
        "building_id": 19,
        "building_slug": "b_835A39",
        "building_type_slug": "type_a",
        "building_name": "KA20",
        "building_class": "b_835A39",
        "building_image": "https://admin.cy.anys.wizio.co.uk/uploads",
        "type": "Type A",
        "type_tag": "Villa",
        "status": 2,
        "project_id": "project-1",
        "project_name": "Living the Dream"
      },
      {
        "id": "unit-20",
        "number": "KA21",
        "plans": [
          "https://admin.cy.anys.wizio.co.uk/uploads/living-the-dream/unit-type/01K0SMGMFZN0HQMJNGWJY6TD7X.jpg"
        ],
        "vr": "https://cy.anys.wizio.co.uk/vr/type-a/",
        "car_park": 1,
        "area": 130,
        "gross_area": 130,
        "garden_area": 0,
        "terrace_area": 11.1,
        "pool_area": 10,
        "bathroom": 2,
        "bedroom": 3,
        "price": 15000000,
        "location": "Larnaca",
        "flat_level": 0,
        "building_id": 20,
        "building_slug": "b_668D6C",
        "building_type_slug": "type_a",
        "building_name": "KA21",
        "building_class": "b_668D6C",
        "building_image": "https://admin.cy.anys.wizio.co.uk/uploads",
        "type": "Type A",
        "type_tag": "Villa",
        "status": 2,
        "project_id": "project-1",
        "project_name": "Living the Dream"
      },
      {
        "id": "unit-21",
        "number": "KA22",
        "plans": [
          "https://admin.cy.anys.wizio.co.uk/uploads/living-the-dream/unit-type/01K0SMGMFZN0HQMJNGWJY6TD7X.jpg"
        ],
        "vr": "https://cy.anys.wizio.co.uk/vr/type-a/",
        "car_park": 1,
        "area": 130,
        "gross_area": 130,
        "garden_area": 0,
        "terrace_area": 38.8,
        "pool_area": 10,
        "bathroom": 2,
        "bedroom": 3,
        "price": 15000000,
        "location": "Larnaca",
        "flat_level": 0,
        "building_id": 21,
        "building_slug": "b_8F4F88",
        "building_type_slug": "type_a",
        "building_name": "KA22",
        "building_class": "b_8F4F88",
        "building_image": "https://admin.cy.anys.wizio.co.uk/uploads",
        "type": "Type A",
        "type_tag": "Villa",
        "status": 2,
        "project_id": "project-1",
        "project_name": "Living the Dream"
      },
      {
        "id": "unit-22",
        "number": "KA23",
        "plans": [
          "https://admin.cy.anys.wizio.co.uk/uploads/living-the-dream/unit-type/01K0SMGMFZN0HQMJNGWJY6TD7X.jpg"
        ],
        "vr": "https://cy.anys.wizio.co.uk/vr/type-a/",
        "car_park": 1,
        "area": 130,
        "gross_area": 130,
        "garden_area": 0,
        "terrace_area": 68.4,
        "pool_area": 10,
        "bathroom": 2,
        "bedroom": 3,
        "price": 15000000,
        "location": "Larnaca",
        "flat_level": 0,
        "building_id": 22,
        "building_slug": "b_6E4D83",
        "building_type_slug": "type_a",
        "building_name": "KA23",
        "building_class": "b_6E4D83",
        "building_image": "https://admin.cy.anys.wizio.co.uk/uploads",
        "type": "Type A",
        "type_tag": "Villa",
        "status": 3,
        "project_id": "project-1",
        "project_name": "Living the Dream"
      },
      {
        "id": "unit-23",
        "number": "KA24",
        "plans": [
          "https://admin.cy.anys.wizio.co.uk/uploads/living-the-dream/unit-type/01K0SMGMFZN0HQMJNGWJY6TD7X.jpg"
        ],
        "vr": "https://cy.anys.wizio.co.uk/vr/type-a/",
        "car_park": 1,
        "area": 130,
        "gross_area": 130,
        "garden_area": 0,
        "terrace_area": 11.8,
        "pool_area": 10,
        "bathroom": 2,
        "bedroom": 3,
        "price": 15000000,
        "location": "Larnaca",
        "flat_level": 0,
        "building_id": 23,
        "building_slug": "b_8E0C16",
        "building_type_slug": "type_a",
        "building_name": "KA24",
        "building_class": "b_8E0C16",
        "building_image": "https://admin.cy.anys.wizio.co.uk/uploads",
        "type": "Type A",
        "type_tag": "Villa",
        "status": 1,
        "project_id": "project-1",
        "project_name": "Living the Dream"
      },
      {
        "id": "unit-24",
        "number": "KA25",
        "plans": [
          "https://admin.cy.anys.wizio.co.uk/uploads/living-the-dream/unit-type/01K0SMGMFZN0HQMJNGWJY6TD7X.jpg"
        ],
        "vr": "https://cy.anys.wizio.co.uk/vr/type-a/",
        "car_park": 1,
        "area": 130,
        "gross_area": 130,
        "garden_area": 0,
        "terrace_area": 11.8,
        "pool_area": 10,
        "bathroom": 2,
        "bedroom": 3,
        "price": 15000000,
        "location": "Larnaca",
        "flat_level": 0,
        "building_id": 24,
        "building_slug": "b_875A3A",
        "building_type_slug": "type_a",
        "building_name": "KA25",
        "building_class": "b_875A3A",
        "building_image": "https://admin.cy.anys.wizio.co.uk/uploads",
        "type": "Type A",
        "type_tag": "Villa",
        "status": 1,
        "project_id": "project-1",
        "project_name": "Living the Dream"
      },
      {
        "id": "unit-25",
        "number": "KA26",
        "plans": [
          "https://admin.cy.anys.wizio.co.uk/uploads/living-the-dream/unit-type/01K0SMGMFZN0HQMJNGWJY6TD7X.jpg"
        ],
        "vr": "https://cy.anys.wizio.co.uk/vr/type-a/",
        "car_park": 1,
        "area": 130,
        "gross_area": 130,
        "garden_area": 0,
        "terrace_area": 11.8,
        "pool_area": 10,
        "bathroom": 2,
        "bedroom": 3,
        "price": 15000000,
        "location": "Larnaca",
        "flat_level": 0,
        "building_id": 25,
        "building_slug": "b_685591",
        "building_type_slug": "type_a",
        "building_name": "KA26",
        "building_class": "b_685591",
        "building_image": "https://admin.cy.anys.wizio.co.uk/uploads",
        "type": "Type A",
        "type_tag": "Villa",
        "status": 3,
        "project_id": "project-1",
        "project_name": "Living the Dream"
      },
      {
        "id": "unit-26",
        "number": "KA27",
        "plans": [
          "https://admin.cy.anys.wizio.co.uk/uploads/living-the-dream/unit-type/01K0SMGMFZN0HQMJNGWJY6TD7X.jpg"
        ],
        "vr": "https://cy.anys.wizio.co.uk/vr/type-a/",
        "car_park": 1,
        "area": 130,
        "gross_area": 130,
        "garden_area": 0,
        "terrace_area": 11,
        "pool_area": 10,
        "bathroom": 2,
        "bedroom": 3,
        "price": 15000000,
        "location": "Larnaca",
        "flat_level": 0,
        "building_id": 26,
        "building_slug": "b_718182",
        "building_type_slug": "type_a",
        "building_name": "KA27",
        "building_class": "b_718182",
        "building_image": "https://admin.cy.anys.wizio.co.uk/uploads",
        "type": "Type A",
        "type_tag": "Villa",
        "status": 1,
        "project_id": "project-1",
        "project_name": "Living the Dream"
      },
      {
        "id": "unit-27",
        "number": "KA28",
        "plans": [
          "https://admin.cy.anys.wizio.co.uk/uploads/living-the-dream/unit-type/01K0SMGMFZN0HQMJNGWJY6TD7X.jpg"
        ],
        "vr": "https://cy.anys.wizio.co.uk/vr/type-a/",
        "car_park": 1,
        "area": 130,
        "gross_area": 130,
        "garden_area": 0,
        "terrace_area": 11.8,
        "pool_area": 10,
        "bathroom": 2,
        "bedroom": 3,
        "price": 15000000,
        "location": "Larnaca",
        "flat_level": 0,
        "building_id": 27,
        "building_slug": "b_5A5E4F",
        "building_type_slug": "type_a",
        "building_name": "KA28",
        "building_class": "b_5A5E4F",
        "building_image": "https://admin.cy.anys.wizio.co.uk/uploads",
        "type": "Type A",
        "type_tag": "Villa",
        "status": 3,
        "project_id": "project-1",
        "project_name": "Living the Dream"
      },
      {
        "id": "unit-28",
        "number": "KA29",
        "plans": [
          "https://admin.cy.anys.wizio.co.uk/uploads/living-the-dream/unit-type/01K0SMGMFZN0HQMJNGWJY6TD7X.jpg"
        ],
        "vr": "https://cy.anys.wizio.co.uk/vr/type-a/",
        "car_park": 1,
        "area": 130,
        "gross_area": 130,
        "garden_area": 0,
        "terrace_area": 11.8,
        "pool_area": 10,
        "bathroom": 2,
        "bedroom": 3,
        "price": 15000000,
        "location": "Larnaca",
        "flat_level": 0,
        "building_id": 28,
        "building_slug": "b_8A9181",
        "building_type_slug": "type_a",
        "building_name": "KA29",
        "building_class": "b_8A9181",
        "building_image": "https://admin.cy.anys.wizio.co.uk/uploads",
        "type": "Type A",
        "type_tag": "Villa",
        "status": 3,
        "project_id": "project-1",
        "project_name": "Living the Dream"
      },
      {
        "id": "unit-29",
        "number": "KA30",
        "plans": [
          "https://admin.cy.anys.wizio.co.uk/uploads/living-the-dream/unit-type/01K0SMGMFZN0HQMJNGWJY6TD7X.jpg"
        ],
        "vr": "https://cy.anys.wizio.co.uk/vr/type-a/",
        "car_park": 1,
        "area": 130,
        "gross_area": 130,
        "garden_area": 0,
        "terrace_area": 11.8,
        "pool_area": 10,
        "bathroom": 2,
        "bedroom": 3,
        "price": 15000000,
        "location": "Larnaca",
        "flat_level": 0,
        "building_id": 29,
        "building_slug": "b_8D7F7C",
        "building_type_slug": "type_a",
        "building_name": "KA30",
        "building_class": "b_8D7F7C",
        "building_image": "https://admin.cy.anys.wizio.co.uk/uploads",
        "type": "Type A",
        "type_tag": "Villa",
        "status": 3,
        "project_id": "project-1",
        "project_name": "Living the Dream"
      },
      {
        "id": "unit-30",
        "number": "KA31",
        "plans": [
          "https://admin.cy.anys.wizio.co.uk/uploads/living-the-dream/unit-type/01K0SMGMFZN0HQMJNGWJY6TD7X.jpg"
        ],
        "vr": "https://cy.anys.wizio.co.uk/vr/type-a/",
        "car_park": 1,
        "area": 130,
        "gross_area": 130,
        "garden_area": 0,
        "terrace_area": 11.8,
        "pool_area": 10,
        "bathroom": 2,
        "bedroom": 3,
        "price": 15000000,
        "location": "Larnaca",
        "flat_level": 0,
        "building_id": 30,
        "building_slug": "b_579285",
        "building_type_slug": "type_a",
        "building_name": "KA31",
        "building_class": "b_579285",
        "building_image": "https://admin.cy.anys.wizio.co.uk/uploads",
        "type": "Type A",
        "type_tag": "Villa",
        "status": 3,
        "project_id": "project-1",
        "project_name": "Living the Dream"
      },
      {
        "id": "unit-31",
        "number": "KA32",
        "plans": [
          "https://admin.cy.anys.wizio.co.uk/uploads/living-the-dream/unit-type/01K0SMGMFZN0HQMJNGWJY6TD7X.jpg"
        ],
        "vr": "https://cy.anys.wizio.co.uk/vr/type-a/",
        "car_park": 1,
        "area": 130,
        "gross_area": 130,
        "garden_area": 0,
        "terrace_area": 11.8,
        "pool_area": 10,
        "bathroom": 2,
        "bedroom": 3,
        "price": 15000000,
        "location": "Larnaca",
        "flat_level": 0,
        "building_id": 31,
        "building_slug": "b_898B5C",
        "building_type_slug": "type_a",
        "building_name": "KA32",
        "building_class": "b_898B5C",
        "building_image": "https://admin.cy.anys.wizio.co.uk/uploads",
        "type": "Type A",
        "type_tag": "Villa",
        "status": 3,
        "project_id": "project-1",
        "project_name": "Living the Dream"
      },
      {
        "id": "unit-32",
        "number": "KA33",
        "plans": [
          "https://admin.cy.anys.wizio.co.uk/uploads/living-the-dream/unit-type/01K0SMGMFZN0HQMJNGWJY6TD7X.jpg"
        ],
        "vr": "https://cy.anys.wizio.co.uk/vr/type-a/",
        "car_park": 1,
        "area": 130,
        "gross_area": 130,
        "garden_area": 0,
        "terrace_area": 11.8,
        "pool_area": 10,
        "bathroom": 2,
        "bedroom": 3,
        "price": 15000000,
        "location": "Larnaca",
        "flat_level": 0,
        "building_id": 32,
        "building_slug": "b_90764B",
        "building_type_slug": "type_a",
        "building_name": "KA33",
        "building_class": "b_90764B",
        "building_image": "https://admin.cy.anys.wizio.co.uk/uploads",
        "type": "Type A",
        "type_tag": "Villa",
        "status": 3,
        "project_id": "project-1",
        "project_name": "Living the Dream"
      },
      {
        "id": "unit-33",
        "number": "KA34",
        "plans": [
          "https://admin.cy.anys.wizio.co.uk/uploads/living-the-dream/unit-type/01K0SMGMFZN0HQMJNGWJY6TD7X.jpg"
        ],
        "vr": "https://cy.anys.wizio.co.uk/vr/type-a/",
        "car_park": 1,
        "area": 130,
        "gross_area": 130,
        "garden_area": 0,
        "terrace_area": 11.8,
        "pool_area": 10,
        "bathroom": 2,
        "bedroom": 3,
        "price": 15000000,
        "location": "Larnaca",
        "flat_level": 0,
        "building_id": 33,
        "building_slug": "b_496F8C",
        "building_type_slug": "type_a",
        "building_name": "KA34",
        "building_class": "b_496F8C",
        "building_image": "https://admin.cy.anys.wizio.co.uk/uploads",
        "type": "Type A",
        "type_tag": "Villa",
        "status": 3,
        "project_id": "project-1",
        "project_name": "Living the Dream"
      },
      {
        "id": "unit-34",
        "number": "KA35",
        "plans": [
          "https://admin.cy.anys.wizio.co.uk/uploads/living-the-dream/unit-type/01K0SMGMFZN0HQMJNGWJY6TD7X.jpg"
        ],
        "vr": "https://cy.anys.wizio.co.uk/vr/type-a/",
        "car_park": 1,
        "area": 130,
        "gross_area": 130,
        "garden_area": 0,
        "terrace_area": 65,
        "pool_area": 10,
        "bathroom": 2,
        "bedroom": 3,
        "price": 15000000,
        "location": "Larnaca",
        "flat_level": 0,
        "building_id": 34,
        "building_slug": "b_8E938D",
        "building_type_slug": "type_a",
        "building_name": "KA35",
        "building_class": "b_8E938D",
        "building_image": "https://admin.cy.anys.wizio.co.uk/uploads",
        "type": "Type A",
        "type_tag": "Villa",
        "status": 3,
        "project_id": "project-1",
        "project_name": "Living the Dream"
      },
      {
        "id": "unit-35",
        "number": "KA36",
        "plans": [
          "https://admin.cy.anys.wizio.co.uk/uploads/living-the-dream/unit-type/01K0SMGMFZN0HQMJNGWJY6TD7X.jpg"
        ],
        "vr": "https://cy.anys.wizio.co.uk/vr/type-a/",
        "car_park": 1,
        "area": 130,
        "gross_area": 130,
        "garden_area": 0,
        "terrace_area": 78.65,
        "pool_area": 10,
        "bathroom": 2,
        "bedroom": 3,
        "price": 15000000,
        "location": "Larnaca",
        "flat_level": 0,
        "building_id": 35,
        "building_slug": "b_8E9592",
        "building_type_slug": "type_a",
        "building_name": "KA36",
        "building_class": "b_8E9592",
        "building_image": "https://admin.cy.anys.wizio.co.uk/uploads",
        "type": "Type A",
        "type_tag": "Villa",
        "status": 1,
        "project_id": "project-1",
        "project_name": "Living the Dream"
      },
      {
        "id": "unit-36",
        "number": "KA37",
        "plans": [
          "https://admin.cy.anys.wizio.co.uk/uploads/living-the-dream/unit-type/01K0SMGMFZN0HQMJNGWJY6TD7X.jpg"
        ],
        "vr": "https://cy.anys.wizio.co.uk/vr/type-a/",
        "car_park": 1,
        "area": 130,
        "gross_area": 130,
        "garden_area": 0,
        "terrace_area": 11.8,
        "pool_area": 10,
        "bathroom": 2,
        "bedroom": 3,
        "price": 15000000,
        "location": "Larnaca",
        "flat_level": 0,
        "building_id": 36,
        "building_slug": "b_81907A",
        "building_type_slug": "type_a",
        "building_name": "KA37",
        "building_class": "b_81907A",
        "building_image": "https://admin.cy.anys.wizio.co.uk/uploads",
        "type": "Type A",
        "type_tag": "Villa",
        "status": 1,
        "project_id": "project-1",
        "project_name": "Living the Dream"
      },
      {
        "id": "unit-37",
        "number": "KA38",
        "plans": [
          "https://admin.cy.anys.wizio.co.uk/uploads/living-the-dream/unit-type/01K0SMGMFZN0HQMJNGWJY6TD7X.jpg"
        ],
        "vr": "https://cy.anys.wizio.co.uk/vr/type-a/",
        "car_park": 1,
        "area": 130,
        "gross_area": 130,
        "garden_area": 0,
        "terrace_area": 11.8,
        "pool_area": 10,
        "bathroom": 2,
        "bedroom": 3,
        "price": 15000000,
        "location": "Larnaca",
        "flat_level": 0,
        "building_id": 37,
        "building_slug": "b_8F5A33",
        "building_type_slug": "type_a",
        "building_name": "KA38",
        "building_class": "b_8F5A33",
        "building_image": "https://admin.cy.anys.wizio.co.uk/uploads",
        "type": "Type A",
        "type_tag": "Villa",
        "status": 1,
        "project_id": "project-1",
        "project_name": "Living the Dream"
      },
      {
        "id": "unit-38",
        "number": "KA39",
        "plans": [
          "https://admin.cy.anys.wizio.co.uk/uploads/living-the-dream/unit-type/01K0SMGMFZN0HQMJNGWJY6TD7X.jpg"
        ],
        "vr": "https://cy.anys.wizio.co.uk/vr/type-a/",
        "car_park": 1,
        "area": 130,
        "gross_area": 130,
        "garden_area": 0,
        "terrace_area": 11.8,
        "pool_area": 10,
        "bathroom": 2,
        "bedroom": 3,
        "price": 15000000,
        "location": "Larnaca",
        "flat_level": 0,
        "building_id": 38,
        "building_slug": "b_504E85",
        "building_type_slug": "type_a",
        "building_name": "KA39",
        "building_class": "b_504E85",
        "building_image": "https://admin.cy.anys.wizio.co.uk/uploads",
        "type": "Type A",
        "type_tag": "Villa",
        "status": 1,
        "project_id": "project-1",
        "project_name": "Living the Dream"
      },
      {
        "id": "unit-39",
        "number": "KA40",
        "plans": [
          "https://admin.cy.anys.wizio.co.uk/uploads/living-the-dream/unit-type/01K0SMGMFZN0HQMJNGWJY6TD7X.jpg"
        ],
        "vr": "https://cy.anys.wizio.co.uk/vr/type-a/",
        "car_park": 1,
        "area": 130,
        "gross_area": 130,
        "garden_area": 0,
        "terrace_area": 11.8,
        "pool_area": 10,
        "bathroom": 2,
        "bedroom": 3,
        "price": 15000000,
        "location": "Larnaca",
        "flat_level": 0,
        "building_id": 39,
        "building_slug": "b_1F5A33",
        "building_type_slug": "type_a",
        "building_name": "KA40",
        "building_class": "b_1F5A33",
        "building_image": "https://admin.cy.anys.wizio.co.uk/uploads",
        "type": "Type A",
        "type_tag": "Villa",
        "status": 1,
        "project_id": "project-1",
        "project_name": "Living the Dream"
      },
      {
        "id": "unit-40",
        "number": "KA41",
        "plans": [
          "https://admin.cy.anys.wizio.co.uk/uploads/living-the-dream/unit-type/01K0SMGMFZN0HQMJNGWJY6TD7X.jpg"
        ],
        "vr": "https://cy.anys.wizio.co.uk/vr/type-a/",
        "car_park": 1,
        "area": 130,
        "gross_area": 130,
        "garden_area": 0,
        "terrace_area": 11.8,
        "pool_area": 10,
        "bathroom": 2,
        "bedroom": 3,
        "price": 15000000,
        "location": "Larnaca",
        "flat_level": 0,
        "building_id": 40,
        "building_slug": "b_729592",
        "building_type_slug": "type_a",
        "building_name": "KA41",
        "building_class": "b_729592",
        "building_image": "https://admin.cy.anys.wizio.co.uk/uploads",
        "type": "Type A",
        "type_tag": "Villa",
        "status": 3,
        "project_id": "project-1",
        "project_name": "Living the Dream"
      },
      {
        "id": "unit-41",
        "number": "KA42",
        "plans": [
          "https://admin.cy.anys.wizio.co.uk/uploads/living-the-dream/unit-type/01K0SMGMFZN0HQMJNGWJY6TD7X.jpg"
        ],
        "vr": "https://cy.anys.wizio.co.uk/vr/type-a/",
        "car_park": 1,
        "area": 130,
        "gross_area": 130,
        "garden_area": 0,
        "terrace_area": 11.8,
        "pool_area": 10,
        "bathroom": 2,
        "bedroom": 3,
        "price": 15000000,
        "location": "Larnaca",
        "flat_level": 0,
        "building_id": 41,
        "building_slug": "b_95917F",
        "building_type_slug": "type_a",
        "building_name": "KA42",
        "building_class": "b_95917F",
        "building_image": "https://admin.cy.anys.wizio.co.uk/uploads",
        "type": "Type A",
        "type_tag": "Villa",
        "status": 3,
        "project_id": "project-1",
        "project_name": "Living the Dream"
      },
      {
        "id": "unit-42",
        "number": "KA43",
        "plans": [
          "https://admin.cy.anys.wizio.co.uk/uploads/living-the-dream/unit-type/01K0SMGMFZN0HQMJNGWJY6TD7X.jpg"
        ],
        "vr": "https://cy.anys.wizio.co.uk/vr/type-a/",
        "car_park": 1,
        "area": 130,
        "gross_area": 130,
        "garden_area": 0,
        "terrace_area": 11.8,
        "pool_area": 10,
        "bathroom": 2,
        "bedroom": 3,
        "price": 15000000,
        "location": "Larnaca",
        "flat_level": 0,
        "building_id": 42,
        "building_slug": "b_745795",
        "building_type_slug": "type_a",
        "building_name": "KA43",
        "building_class": "b_745795",
        "building_image": "https://admin.cy.anys.wizio.co.uk/uploads",
        "type": "Type A",
        "type_tag": "Villa",
        "status": 3,
        "project_id": "project-1",
        "project_name": "Living the Dream"
      },
      {
        "id": "unit-43",
        "number": "KA44",
        "plans": [
          "https://admin.cy.anys.wizio.co.uk/uploads/living-the-dream/unit-type/01K0SMGMFZN0HQMJNGWJY6TD7X.jpg"
        ],
        "vr": "https://cy.anys.wizio.co.uk/vr/type-a/",
        "car_park": 1,
        "area": 130,
        "gross_area": 130,
        "garden_area": 0,
        "terrace_area": 11.8,
        "pool_area": 10,
        "bathroom": 2,
        "bedroom": 3,
        "price": 15000000,
        "location": "Larnaca",
        "flat_level": 0,
        "building_id": 43,
        "building_slug": "b_906C85",
        "building_type_slug": "type_a",
        "building_name": "KA44",
        "building_class": "b_906C85",
        "building_image": "https://admin.cy.anys.wizio.co.uk/uploads",
        "type": "Type A",
        "type_tag": "Villa",
        "status": 3,
        "project_id": "project-1",
        "project_name": "Living the Dream"
      },
      {
        "id": "unit-44",
        "number": "KA45",
        "plans": [
          "https://admin.cy.anys.wizio.co.uk/uploads/living-the-dream/unit-type/01K0SMGMFZN0HQMJNGWJY6TD7X.jpg"
        ],
        "vr": "https://cy.anys.wizio.co.uk/vr/type-a/",
        "car_park": 1,
        "area": 130,
        "gross_area": 130,
        "garden_area": 0,
        "terrace_area": 11.8,
        "pool_area": 10,
        "bathroom": 2,
        "bedroom": 3,
        "price": 15000000,
        "location": "Larnaca",
        "flat_level": 0,
        "building_id": 44,
        "building_slug": "b_3F838B",
        "building_type_slug": "type_a",
        "building_name": "KA45",
        "building_class": "b_3F838B",
        "building_image": "https://admin.cy.anys.wizio.co.uk/uploads",
        "type": "Type A",
        "type_tag": "Villa",
        "status": 3,
        "project_id": "project-1",
        "project_name": "Living the Dream"
      },
      {
        "id": "unit-45",
        "number": "KA46",
        "plans": [
          "https://admin.cy.anys.wizio.co.uk/uploads/living-the-dream/unit-type/01K0SMGMFZN0HQMJNGWJY6TD7X.jpg"
        ],
        "vr": "https://cy.anys.wizio.co.uk/vr/type-a/",
        "car_park": 1,
        "area": 130,
        "gross_area": 130,
        "garden_area": 0,
        "terrace_area": 11.8,
        "pool_area": 10,
        "bathroom": 2,
        "bedroom": 3,
        "price": 15000000,
        "location": "Larnaca",
        "flat_level": 0,
        "building_id": 45,
        "building_slug": "b_807B6A",
        "building_type_slug": "type_a",
        "building_name": "KA46",
        "building_class": "b_807B6A",
        "building_image": "https://admin.cy.anys.wizio.co.uk/uploads",
        "type": "Type A",
        "type_tag": "Villa",
        "status": 3,
        "project_id": "project-1",
        "project_name": "Living the Dream"
      },
      {
        "id": "unit-46",
        "number": "KA47",
        "plans": [
          "https://admin.cy.anys.wizio.co.uk/uploads/living-the-dream/unit-type/01K0SMGMFZN0HQMJNGWJY6TD7X.jpg"
        ],
        "vr": "https://cy.anys.wizio.co.uk/vr/type-a/",
        "car_park": 1,
        "area": 130,
        "gross_area": 130,
        "garden_area": 0,
        "terrace_area": 11.8,
        "pool_area": 10,
        "bathroom": 2,
        "bedroom": 3,
        "price": 15000000,
        "location": "Larnaca",
        "flat_level": 0,
        "building_id": 46,
        "building_slug": "b_767A64",
        "building_type_slug": "type_a",
        "building_name": "KA47",
        "building_class": "b_767A64",
        "building_image": "https://admin.cy.anys.wizio.co.uk/uploads",
        "type": "Type A",
        "type_tag": "Villa",
        "status": 3,
        "project_id": "project-1",
        "project_name": "Living the Dream"
      },
      {
        "id": "unit-47",
        "number": "KA48",
        "plans": [
          "https://admin.cy.anys.wizio.co.uk/uploads/living-the-dream/unit-type/01K0SMGMFZN0HQMJNGWJY6TD7X.jpg"
        ],
        "vr": "https://cy.anys.wizio.co.uk/vr/type-a/",
        "car_park": 1,
        "area": 130,
        "gross_area": 130,
        "garden_area": 0,
        "terrace_area": 55.25,
        "pool_area": 10,
        "bathroom": 2,
        "bedroom": 3,
        "price": 15000000,
        "location": "Larnaca",
        "flat_level": 0,
        "building_id": 47,
        "building_slug": "b_684A7E",
        "building_type_slug": "type_a",
        "building_name": "KA48",
        "building_class": "b_684A7E",
        "building_image": "https://admin.cy.anys.wizio.co.uk/uploads",
        "type": "Type A",
        "type_tag": "Villa",
        "status": 3,
        "project_id": "project-1",
        "project_name": "Living the Dream"
      },
      {
        "id": "unit-48",
        "number": "KA49",
        "plans": [
          "https://admin.cy.anys.wizio.co.uk/uploads/living-the-dream/unit-type/01K0SMGMFZN0HQMJNGWJY6TD7X.jpg"
        ],
        "vr": "https://cy.anys.wizio.co.uk/vr/type-a/",
        "car_park": 1,
        "area": 130,
        "gross_area": 130,
        "garden_area": 0,
        "terrace_area": 52.6,
        "pool_area": 10,
        "bathroom": 2,
        "bedroom": 3,
        "price": 15000000,
        "location": "Larnaca",
        "flat_level": 0,
        "building_id": 48,
        "building_slug": "b_636D85",
        "building_type_slug": "type_a",
        "building_name": "KA49",
        "building_class": "b_636D85",
        "building_image": "https://admin.cy.anys.wizio.co.uk/uploads",
        "type": "Type A",
        "type_tag": "Villa",
        "status": 1,
        "project_id": "project-1",
        "project_name": "Living the Dream"
      },
      {
        "id": "unit-49",
        "number": "KA50",
        "plans": [
          "https://admin.cy.anys.wizio.co.uk/uploads/living-the-dream/unit-type/01K0SMGMFZN0HQMJNGWJY6TD7X.jpg"
        ],
        "vr": "https://cy.anys.wizio.co.uk/vr/type-a/",
        "car_park": 1,
        "area": 130,
        "gross_area": 130,
        "garden_area": 0,
        "terrace_area": 55.1,
        "pool_area": 10,
        "bathroom": 2,
        "bedroom": 3,
        "price": 15000000,
        "location": "Larnaca",
        "flat_level": 0,
        "building_id": 49,
        "building_slug": "b_898B5F",
        "building_type_slug": "type_a",
        "building_name": "KA50",
        "building_class": "b_898B5F",
        "building_image": "https://admin.cy.anys.wizio.co.uk/uploads",
        "type": "Type A",
        "type_tag": "Villa",
        "status": 1,
        "project_id": "project-1",
        "project_name": "Living the Dream"
      },
      {
        "id": "unit-50",
        "number": "KA51",
        "plans": [
          "https://admin.cy.anys.wizio.co.uk/uploads/living-the-dream/unit-type/01K0SMGMFZN0HQMJNGWJY6TD7X.jpg"
        ],
        "vr": "https://cy.anys.wizio.co.uk/vr/type-a/",
        "car_park": 1,
        "area": 130,
        "gross_area": 130,
        "garden_area": 0,
        "terrace_area": 56.2,
        "pool_area": 10,
        "bathroom": 2,
        "bedroom": 3,
        "price": 15000000,
        "location": "Larnaca",
        "flat_level": 0,
        "building_id": 50,
        "building_slug": "b_454B81",
        "building_type_slug": "type_a",
        "building_name": "KA51",
        "building_class": "b_454B81",
        "building_image": "https://admin.cy.anys.wizio.co.uk/uploads",
        "type": "Type A",
        "type_tag": "Villa",
        "status": 1,
        "project_id": "project-1",
        "project_name": "Living the Dream"
      },
      {
        "id": "unit-51",
        "number": "KA52",
        "plans": [
          "https://admin.cy.anys.wizio.co.uk/uploads/living-the-dream/unit-type/01K0SMGMFZN0HQMJNGWJY6TD7X.jpg"
        ],
        "vr": "https://cy.anys.wizio.co.uk/vr/type-a/",
        "car_park": 1,
        "area": 130,
        "gross_area": 130,
        "garden_area": 0,
        "terrace_area": 56.65,
        "pool_area": 10,
        "bathroom": 2,
        "bedroom": 3,
        "price": 15000000,
        "location": "Larnaca",
        "flat_level": 0,
        "building_id": 51,
        "building_slug": "b_3E7C70",
        "building_type_slug": "type_a",
        "building_name": "KA52",
        "building_class": "b_3E7C70",
        "building_image": "https://admin.cy.anys.wizio.co.uk/uploads",
        "type": "Type A",
        "type_tag": "Villa",
        "status": 1,
        "project_id": "project-1",
        "project_name": "Living the Dream"
      },
      {
        "id": "unit-52",
        "number": "KA53",
        "plans": [
          "https://admin.cy.anys.wizio.co.uk/uploads/living-the-dream/unit-type/01K0SMGMFZN0HQMJNGWJY6TD7X.jpg"
        ],
        "vr": "https://cy.anys.wizio.co.uk/vr/type-a/",
        "car_park": 1,
        "area": 130,
        "gross_area": 130,
        "garden_area": 0,
        "terrace_area": 56.35,
        "pool_area": 10,
        "bathroom": 2,
        "bedroom": 3,
        "price": 15000000,
        "location": "Larnaca",
        "flat_level": 0,
        "building_id": 52,
        "building_slug": "b_6D9591",
        "building_type_slug": "type_a",
        "building_name": "KA53",
        "building_class": "b_6D9591",
        "building_image": "https://admin.cy.anys.wizio.co.uk/uploads",
        "type": "Type A",
        "type_tag": "Villa",
        "status": 1,
        "project_id": "project-1",
        "project_name": "Living the Dream"
      },
      {
        "id": "unit-53",
        "number": "KA54",
        "plans": [
          "https://admin.cy.anys.wizio.co.uk/uploads/living-the-dream/unit-type/01K0SMGMFZN0HQMJNGWJY6TD7X.jpg"
        ],
        "vr": "https://cy.anys.wizio.co.uk/vr/type-a/",
        "car_park": 1,
        "area": 130,
        "gross_area": 130,
        "garden_area": 0,
        "terrace_area": 54.55,
        "pool_area": 10,
        "bathroom": 2,
        "bedroom": 3,
        "price": 15000000,
        "location": "Larnaca",
        "flat_level": 0,
        "building_id": 53,
        "building_slug": "b_7B7544",
        "building_type_slug": "type_a",
        "building_name": "KA54",
        "building_class": "b_7B7544",
        "building_image": "https://admin.cy.anys.wizio.co.uk/uploads",
        "type": "Type A",
        "type_tag": "Villa",
        "status": 3,
        "project_id": "project-1",
        "project_name": "Living the Dream"
      },
      {
        "id": "unit-54",
        "number": "KA55",
        "plans": [
          "https://admin.cy.anys.wizio.co.uk/uploads/living-the-dream/unit-type/01K0SMGMFZN0HQMJNGWJY6TD7X.jpg"
        ],
        "vr": "https://cy.anys.wizio.co.uk/vr/type-a/",
        "car_park": 1,
        "area": 130,
        "gross_area": 130,
        "garden_area": 0,
        "terrace_area": 52.35,
        "pool_area": 10,
        "bathroom": 2,
        "bedroom": 3,
        "price": 15000000,
        "location": "Larnaca",
        "flat_level": 0,
        "building_id": 54,
        "building_slug": "b_601220",
        "building_type_slug": "type_a",
        "building_name": "KA55",
        "building_class": "b_601220",
        "building_image": "https://admin.cy.anys.wizio.co.uk/uploads",
        "type": "Type A",
        "type_tag": "Villa",
        "status": 3,
        "project_id": "project-1",
        "project_name": "Living the Dream"
      },
      {
        "id": "unit-55",
        "number": "KA56",
        "plans": [
          "https://admin.cy.anys.wizio.co.uk/uploads/living-the-dream/unit-type/01K0SMGMFZN0HQMJNGWJY6TD7X.jpg"
        ],
        "vr": "https://cy.anys.wizio.co.uk/vr/type-a/",
        "car_park": 1,
        "area": 130,
        "gross_area": 130,
        "garden_area": 0,
        "terrace_area": 48.25,
        "pool_area": 10,
        "bathroom": 2,
        "bedroom": 3,
        "price": 15000000,
        "location": "Larnaca",
        "flat_level": 0,
        "building_id": 55,
        "building_slug": "b_958695",
        "building_type_slug": "type_a",
        "building_name": "KA56",
        "building_class": "b_958695",
        "building_image": "https://admin.cy.anys.wizio.co.uk/uploads",
        "type": "Type A",
        "type_tag": "Villa",
        "status": 3,
        "project_id": "project-1",
        "project_name": "Living the Dream"
      },
      {
        "id": "unit-56",
        "number": "KA57",
        "plans": [
          "https://admin.cy.anys.wizio.co.uk/uploads/living-the-dream/unit-type/01K0SMGMFZN0HQMJNGWJY6TD7X.jpg"
        ],
        "vr": "https://cy.anys.wizio.co.uk/vr/type-a/",
        "car_park": 1,
        "area": 130,
        "gross_area": 130,
        "garden_area": 0,
        "terrace_area": 45.1,
        "pool_area": 10,
        "bathroom": 2,
        "bedroom": 3,
        "price": 15000000,
        "location": "Larnaca",
        "flat_level": 0,
        "building_id": 56,
        "building_slug": "b_54795F",
        "building_type_slug": "type_a",
        "building_name": "KA57",
        "building_class": "b_54795F",
        "building_image": "https://admin.cy.anys.wizio.co.uk/uploads",
        "type": "Type A",
        "type_tag": "Villa",
        "status": 3,
        "project_id": "project-1",
        "project_name": "Living the Dream"
      },
      {
        "id": "unit-57",
        "number": "KA58",
        "plans": [
          "https://admin.cy.anys.wizio.co.uk/uploads/living-the-dream/unit-type/01K0SMGMFZN0HQMJNGWJY6TD7X.jpg"
        ],
        "vr": "https://cy.anys.wizio.co.uk/vr/type-a/",
        "car_park": 1,
        "area": 130,
        "gross_area": 130,
        "garden_area": 0,
        "terrace_area": 41.45,
        "pool_area": 10,
        "bathroom": 2,
        "bedroom": 3,
        "price": 15000000,
        "location": "Larnaca",
        "flat_level": 0,
        "building_id": 57,
        "building_slug": "b_745929",
        "building_type_slug": "type_a",
        "building_name": "KA58",
        "building_class": "b_745929",
        "building_image": "https://admin.cy.anys.wizio.co.uk/uploads",
        "type": "Type A",
        "type_tag": "Villa",
        "status": 3,
        "project_id": "project-1",
        "project_name": "Living the Dream"
      },
      {
        "id": "unit-58",
        "number": "KA59",
        "plans": [
          "https://admin.cy.anys.wizio.co.uk/uploads/living-the-dream/unit-type/01K0SMGMFZN0HQMJNGWJY6TD7X.jpg"
        ],
        "vr": "https://cy.anys.wizio.co.uk/vr/type-a/",
        "car_park": 1,
        "area": 130,
        "gross_area": 130,
        "garden_area": 0,
        "terrace_area": 37.8,
        "pool_area": 10,
        "bathroom": 2,
        "bedroom": 3,
        "price": 15000000,
        "location": "Larnaca",
        "flat_level": 0,
        "building_id": 58,
        "building_slug": "b_835B3C",
        "building_type_slug": "type_a",
        "building_name": "KA59",
        "building_class": "b_835B3C",
        "building_image": "https://admin.cy.anys.wizio.co.uk/uploads",
        "type": "Type A",
        "type_tag": "Villa",
        "status": 3,
        "project_id": "project-1",
        "project_name": "Living the Dream"
      },
      {
        "id": "unit-59",
        "number": "KA60",
        "plans": [
          "https://admin.cy.anys.wizio.co.uk/uploads/living-the-dream/unit-type/01K0SMGMFZN0HQMJNGWJY6TD7X.jpg"
        ],
        "vr": "https://cy.anys.wizio.co.uk/vr/type-a/",
        "car_park": 1,
        "area": 130,
        "gross_area": 130,
        "garden_area": 0,
        "terrace_area": 34.25,
        "pool_area": 10,
        "bathroom": 2,
        "bedroom": 3,
        "price": 15000000,
        "location": "Larnaca",
        "flat_level": 0,
        "building_id": 59,
        "building_slug": "b_717E78",
        "building_type_slug": "type_a",
        "building_name": "KA60",
        "building_class": "b_717E78",
        "building_image": "https://admin.cy.anys.wizio.co.uk/uploads",
        "type": "Type A",
        "type_tag": "Villa",
        "status": 3,
        "project_id": "project-1",
        "project_name": "Living the Dream"
      },
      {
        "id": "unit-60",
        "number": "KA61",
        "plans": [
          "https://admin.cy.anys.wizio.co.uk/uploads/living-the-dream/unit-type/01K0SMGMFZN0HQMJNGWJY6TD7X.jpg"
        ],
        "vr": "https://cy.anys.wizio.co.uk/vr/type-a/",
        "car_park": 1,
        "area": 130,
        "gross_area": 130,
        "garden_area": 0,
        "terrace_area": 30.75,
        "pool_area": 10,
        "bathroom": 2,
        "bedroom": 3,
        "price": 15000000,
        "location": "Larnaca",
        "flat_level": 0,
        "building_id": 60,
        "building_slug": "b_658844",
        "building_type_slug": "type_a",
        "building_name": "KA61",
        "building_class": "b_658844",
        "building_image": "https://admin.cy.anys.wizio.co.uk/uploads",
        "type": "Type A",
        "type_tag": "Villa",
        "status": 3,
        "project_id": "project-1",
        "project_name": "Living the Dream"
      },
      {
        "id": "unit-61",
        "number": "KA62",
        "plans": [
          "https://admin.cy.anys.wizio.co.uk/uploads/living-the-dream/unit-type/01K0SMGMFZN0HQMJNGWJY6TD7X.jpg"
        ],
        "vr": "https://cy.anys.wizio.co.uk/vr/type-a/",
        "car_park": 1,
        "area": 130,
        "gross_area": 130,
        "garden_area": 0,
        "terrace_area": 115.55,
        "pool_area": 10,
        "bathroom": 2,
        "bedroom": 3,
        "price": 15000000,
        "location": "Larnaca",
        "flat_level": 0,
        "building_id": 61,
        "building_slug": "b_3C732B",
        "building_type_slug": "type_a",
        "building_name": "KA62",
        "building_class": "b_3C732B",
        "building_image": "https://admin.cy.anys.wizio.co.uk/uploads",
        "type": "Type A",
        "type_tag": "Villa",
        "status": 3,
        "project_id": "project-1",
        "project_name": "Living the Dream"
      },
      {
        "id": "unit-62",
        "number": "KA63",
        "plans": [
          "https://admin.cy.anys.wizio.co.uk/uploads/living-the-dream/unit-type/01K0SMGMFZN0HQMJNGWJY6TD7X.jpg"
        ],
        "vr": "https://cy.anys.wizio.co.uk/vr/type-a/",
        "car_park": 1,
        "area": 130,
        "gross_area": 130,
        "garden_area": 0,
        "terrace_area": 82,
        "pool_area": 10,
        "bathroom": 2,
        "bedroom": 3,
        "price": 15000000,
        "location": "Larnaca",
        "flat_level": 0,
        "building_id": 62,
        "building_slug": "b_267191",
        "building_type_slug": "type_a",
        "building_name": "KA63",
        "building_class": "b_267191",
        "building_image": "https://admin.cy.anys.wizio.co.uk/uploads",
        "type": "Type A",
        "type_tag": "Villa",
        "status": 3,
        "project_id": "project-1",
        "project_name": "Living the Dream"
      },
      {
        "id": "unit-63",
        "number": "KA64",
        "plans": [
          "https://admin.cy.anys.wizio.co.uk/uploads/living-the-dream/unit-type/01K0SMGMFZN0HQMJNGWJY6TD7X.jpg"
        ],
        "vr": "https://cy.anys.wizio.co.uk/vr/type-a/",
        "car_park": 1,
        "area": 130,
        "gross_area": 130,
        "garden_area": 0,
        "terrace_area": 78.15,
        "pool_area": 10,
        "bathroom": 2,
        "bedroom": 3,
        "price": 15000000,
        "location": "Larnaca",
        "flat_level": 0,
        "building_id": 63,
        "building_slug": "b_8F538D",
        "building_type_slug": "type_a",
        "building_name": "KA64",
        "building_class": "b_8F538D",
        "building_image": "https://admin.cy.anys.wizio.co.uk/uploads",
        "type": "Type A",
        "type_tag": "Villa",
        "status": 3,
        "project_id": "project-1",
        "project_name": "Living the Dream"
      },
      {
        "id": "unit-64",
        "number": "KA65",
        "plans": [
          "https://admin.cy.anys.wizio.co.uk/uploads/living-the-dream/unit-type/01K0SMGMFZN0HQMJNGWJY6TD7X.jpg"
        ],
        "vr": "https://cy.anys.wizio.co.uk/vr/type-a/",
        "car_park": 1,
        "area": 130,
        "gross_area": 130,
        "garden_area": 0,
        "terrace_area": 72.95,
        "pool_area": 10,
        "bathroom": 2,
        "bedroom": 3,
        "price": 15000000,
        "location": "Larnaca",
        "flat_level": 0,
        "building_id": 64,
        "building_slug": "b_8C7293",
        "building_type_slug": "type_a",
        "building_name": "KA65",
        "building_class": "b_8C7293",
        "building_image": "https://admin.cy.anys.wizio.co.uk/uploads",
        "type": "Type A",
        "type_tag": "Villa",
        "status": 3,
        "project_id": "project-1",
        "project_name": "Living the Dream"
      },
      {
        "id": "unit-65",
        "number": "KA66",
        "plans": [
          "https://admin.cy.anys.wizio.co.uk/uploads/living-the-dream/unit-type/01K0SMGMFZN0HQMJNGWJY6TD7X.jpg"
        ],
        "vr": "https://cy.anys.wizio.co.uk/vr/type-a/",
        "car_park": 1,
        "area": 130,
        "gross_area": 130,
        "garden_area": 0,
        "terrace_area": 67.7,
        "pool_area": 10,
        "bathroom": 2,
        "bedroom": 3,
        "price": 15000000,
        "location": "Larnaca",
        "flat_level": 0,
        "building_id": 65,
        "building_slug": "b_907437",
        "building_type_slug": "type_a",
        "building_name": "KA66",
        "building_class": "b_907437",
        "building_image": "https://admin.cy.anys.wizio.co.uk/uploads",
        "type": "Type A",
        "type_tag": "Villa",
        "status": 3,
        "project_id": "project-1",
        "project_name": "Living the Dream"
      },
      {
        "id": "unit-66",
        "number": "KA67",
        "plans": [
          "https://admin.cy.anys.wizio.co.uk/uploads/living-the-dream/unit-type/01K0SMGMFZN0HQMJNGWJY6TD7X.jpg"
        ],
        "vr": "https://cy.anys.wizio.co.uk/vr/type-a/",
        "car_park": 1,
        "area": 130,
        "gross_area": 130,
        "garden_area": 0,
        "terrace_area": 61.8,
        "pool_area": 10,
        "bathroom": 2,
        "bedroom": 3,
        "price": 15000000,
        "location": "Larnaca",
        "flat_level": 0,
        "building_id": 66,
        "building_slug": "b_8C6D87",
        "building_type_slug": "type_a",
        "building_name": "KA67",
        "building_class": "b_8C6D87",
        "building_image": "https://admin.cy.anys.wizio.co.uk/uploads",
        "type": "Type A",
        "type_tag": "Villa",
        "status": 3,
        "project_id": "project-1",
        "project_name": "Living the Dream"
      },
      {
        "id": "unit-67",
        "number": "KA68",
        "plans": [
          "https://admin.cy.anys.wizio.co.uk/uploads/living-the-dream/unit-type/01K0SMGMFZN0HQMJNGWJY6TD7X.jpg"
        ],
        "vr": "https://cy.anys.wizio.co.uk/vr/type-a/",
        "car_park": 1,
        "area": 130,
        "gross_area": 130,
        "garden_area": 0,
        "terrace_area": 102.4,
        "pool_area": 10,
        "bathroom": 2,
        "bedroom": 3,
        "price": 15000000,
        "location": "Larnaca",
        "flat_level": 0,
        "building_id": 67,
        "building_slug": "b_658695",
        "building_type_slug": "type_a",
        "building_name": "KA68",
        "building_class": "b_658695",
        "building_image": "https://admin.cy.anys.wizio.co.uk/uploads",
        "type": "Type A",
        "type_tag": "Villa",
        "status": 3,
        "project_id": "project-1",
        "project_name": "Living the Dream"
      },
      {
        "id": "unit-68",
        "number": "KA69",
        "plans": [
          "https://admin.cy.anys.wizio.co.uk/uploads/living-the-dream/unit-type/01K0SMJ7TENS6V077TWE7964FA.jpg"
        ],
        "vr": "https://cy.anys.wizio.co.uk/vr/type-b/",
        "car_park": 1,
        "area": 100,
        "gross_area": 100,
        "garden_area": 0,
        "terrace_area": 111.8,
        "pool_area": 0,
        "bathroom": 2,
        "bedroom": 2,
        "price": 15000000,
        "location": "Larnaca",
        "flat_level": 0,
        "building_id": 68,
        "building_slug": "b_718613",
        "building_type_slug": "type_b",
        "building_name": "KA69",
        "building_class": "b_718613",
        "building_image": "https://admin.cy.anys.wizio.co.uk/uploads",
        "type": "Type B",
        "type_tag": "Villa",
        "status": 1,
        "project_id": "project-1",
        "project_name": "Living the Dream"
      },
      {
        "id": "unit-69",
        "number": "KA70",
        "plans": [
          "https://admin.cy.anys.wizio.co.uk/uploads/living-the-dream/unit-type/01K0SMGMFZN0HQMJNGWJY6TD7X.jpg"
        ],
        "vr": "https://cy.anys.wizio.co.uk/vr/type-a/",
        "car_park": 1,
        "area": 130,
        "gross_area": 130,
        "garden_area": 0,
        "terrace_area": 52.95,
        "pool_area": 10,
        "bathroom": 2,
        "bedroom": 3,
        "price": 15000000,
        "location": "Larnaca",
        "flat_level": 0,
        "building_id": 69,
        "building_slug": "b_887755",
        "building_type_slug": "type_a",
        "building_name": "KA70",
        "building_class": "b_887755",
        "building_image": "https://admin.cy.anys.wizio.co.uk/uploads",
        "type": "Type A",
        "type_tag": "Villa",
        "status": 3,
        "project_id": "project-1",
        "project_name": "Living the Dream"
      },
      {
        "id": "unit-70",
        "number": "KA71",
        "plans": [
          "https://admin.cy.anys.wizio.co.uk/uploads/living-the-dream/unit-type/01K0SMGMFZN0HQMJNGWJY6TD7X.jpg"
        ],
        "vr": "https://cy.anys.wizio.co.uk/vr/type-a/",
        "car_park": 1,
        "area": 130,
        "gross_area": 130,
        "garden_area": 0,
        "terrace_area": 52.9,
        "pool_area": 10,
        "bathroom": 2,
        "bedroom": 3,
        "price": 15000000,
        "location": "Larnaca",
        "flat_level": 0,
        "building_id": 70,
        "building_slug": "b_4F2E4F",
        "building_type_slug": "type_a",
        "building_name": "KA71",
        "building_class": "b_4F2E4F",
        "building_image": "https://admin.cy.anys.wizio.co.uk/uploads",
        "type": "Type A",
        "type_tag": "Villa",
        "status": 3,
        "project_id": "project-1",
        "project_name": "Living the Dream"
      },
      {
        "id": "unit-71",
        "number": "KA72",
        "plans": [
          "https://admin.cy.anys.wizio.co.uk/uploads/living-the-dream/unit-type/01K0SMGMFZN0HQMJNGWJY6TD7X.jpg"
        ],
        "vr": "https://cy.anys.wizio.co.uk/vr/type-a/",
        "car_park": 1,
        "area": 130,
        "gross_area": 130,
        "garden_area": 0,
        "terrace_area": 50,
        "pool_area": 10,
        "bathroom": 2,
        "bedroom": 3,
        "price": 15000000,
        "location": "Larnaca",
        "flat_level": 0,
        "building_id": 71,
        "building_slug": "b_7E4678",
        "building_type_slug": "type_a",
        "building_name": "KA72",
        "building_class": "b_7E4678",
        "building_image": "https://admin.cy.anys.wizio.co.uk/uploads",
        "type": "Type A",
        "type_tag": "Villa",
        "status": 3,
        "project_id": "project-1",
        "project_name": "Living the Dream"
      },
      {
        "id": "unit-72",
        "number": "KA73",
        "plans": [
          "https://admin.cy.anys.wizio.co.uk/uploads/living-the-dream/unit-type/01K0SMGMFZN0HQMJNGWJY6TD7X.jpg"
        ],
        "vr": "https://cy.anys.wizio.co.uk/vr/type-a/",
        "car_park": 1,
        "area": 130,
        "gross_area": 130,
        "garden_area": 0,
        "terrace_area": 48.25,
        "pool_area": 10,
        "bathroom": 2,
        "bedroom": 3,
        "price": 15000000,
        "location": "Larnaca",
        "flat_level": 0,
        "building_id": 72,
        "building_slug": "b_707B6B",
        "building_type_slug": "type_a",
        "building_name": "KA73",
        "building_class": "b_707B6B",
        "building_image": "https://admin.cy.anys.wizio.co.uk/uploads",
        "type": "Type A",
        "type_tag": "Villa",
        "status": 3,
        "project_id": "project-1",
        "project_name": "Living the Dream"
      },
      {
        "id": "unit-73",
        "number": "KA74",
        "plans": [
          "https://admin.cy.anys.wizio.co.uk/uploads/living-the-dream/unit-type/01K0SMGMFZN0HQMJNGWJY6TD7X.jpg"
        ],
        "vr": "https://cy.anys.wizio.co.uk/vr/type-a/",
        "car_park": 1,
        "area": 130,
        "gross_area": 130,
        "garden_area": 0,
        "terrace_area": 48.65,
        "pool_area": 10,
        "bathroom": 2,
        "bedroom": 3,
        "price": 15000000,
        "location": "Larnaca",
        "flat_level": 0,
        "building_id": 73,
        "building_slug": "b_602540",
        "building_type_slug": "type_a",
        "building_name": "KA74",
        "building_class": "b_602540",
        "building_image": "https://admin.cy.anys.wizio.co.uk/uploads",
        "type": "Type A",
        "type_tag": "Villa",
        "status": 3,
        "project_id": "project-1",
        "project_name": "Living the Dream"
      },
      {
        "id": "unit-74",
        "number": "KA75",
        "plans": [
          "https://admin.cy.anys.wizio.co.uk/uploads/living-the-dream/unit-type/01K0SMGMFZN0HQMJNGWJY6TD7X.jpg"
        ],
        "vr": "https://cy.anys.wizio.co.uk/vr/type-a/",
        "car_park": 1,
        "area": 130,
        "gross_area": 130,
        "garden_area": 0,
        "terrace_area": 88.4,
        "pool_area": 10,
        "bathroom": 2,
        "bedroom": 3,
        "price": 15000000,
        "location": "Larnaca",
        "flat_level": 0,
        "building_id": 74,
        "building_slug": "b_3F8491",
        "building_type_slug": "type_a",
        "building_name": "KA75",
        "building_class": "b_3F8491",
        "building_image": "https://admin.cy.anys.wizio.co.uk/uploads",
        "type": "Type A",
        "type_tag": "Villa",
        "status": 3,
        "project_id": "project-1",
        "project_name": "Living the Dream"
      }
    ],
    "amenities": [
      {
        "id": "amenity-1",
        "name": "Piza Hut",
        "location": "34.85743182957534, 33.586928297784375",
        "category": "Restaurants"
      },
      {
        "id": "amenity-2",
        "name": "Theta Mediterranean restaurant",
        "location": "34.81678038840144, 33.60260931378729",
        "category": "Restaurants"
      },
      {
        "id": "amenity-3",
        "name": "Nero caffe Macenzie beach",
        "location": "34.88968778880507, 33.63661977993674",
        "category": "Restaurants"
      },
      {
        "id": "amenity-4",
        "name": "Jackson Gastro Cafe Bar",
        "location": "34.844015989532714, 33.57357913715721",
        "category": "Restaurants"
      },
      {
        "id": "amenity-5",
        "name": "Mckenze beach",
        "location": "34.887382749557936, 33.635833284202484",
        "category": "Beach"
      },
      {
        "id": "amenity-6",
        "name": "Faros Beach",
        "location": "34.82140355718323, 33.603901206541316",
        "category": "Beach"
      },
      {
        "id": "amenity-7",
        "name": "MAS",
        "location": "34.83226149323374, 33.57784671379261",
        "category": "Shopping"
      },
      {
        "id": "amenity-8",
        "name": "Lidl",
        "location": "34.85988300535706, 33.59151124232847",
        "category": "Shopping"
      },
      {
        "id": "amenity-9",
        "name": "Alpha Mega",
        "location": "34.85495521024812, 33.576041128835776",
        "category": "Shopping"
      },
      {
        "id": "amenity-10",
        "name": "Larnac Airport",
        "location": "34.87152310814213, 33.60765194232846",
        "category": "Transport"
      },
      {
        "id": "amenity-11",
        "name": "Vinaria",
        "location": "34.84420283387363, 33.57378575505217",
        "category": "Restaurants"
      },
      {
        "id": "amenity-12",
        "name": "Omprela beach bar",
        "location": "34.81826670019077, 33.5941896306089",
        "category": "Restaurants"
      },
      {
        "id": "amenity-13",
        "name": "Souvlakia Pirillos",
        "location": "34.82973544002739, 33.579440250194025",
        "category": "Restaurants"
      }
    ]
  }
]