[
  {
    "id": 1,
    "name": "KB1",
    "slug": "b_847D73",
    "type": "Villa",
    "total_floor": 0,
    "total_unit": 0,
    "building_type_id": 2,
    "zone_id": 1,
    "project_id": 1,
    "status": 1,
    "created_at": "2025-08-07T16:24:29.000000Z",
    "updated_at": "2025-08-07T16:27:43.000000Z",
    "floors": [],
    "panoramas": [
      {
        "image": "scene3",
        "latitude": -3.89999999999998,
        "longitude": 96.1
      },
      {
        "image": "scene4",
        "latitude": -174.8,
        "longitude": -0.0999999999999943
      }
    ],
    "building_type": {
      "id": 2,
      "name": "Type B",
      "slug": "type_b",
      "exterior": "",
      "project_id": 1,
      "created_at": "2025-08-07T16:24:29.000000Z",
      "updated_at": "2025-08-07T16:24:29.000000Z",
      "image": "https://admin.cy.anys.wizio.co.uk/uploads"
    }
  },
  {
    "id": 2,
    "name": "KB2",
    "slug": "b_778B5F",
    "type": "Villa",
    "total_floor": 0,
    "total_unit": 0,
    "building_type_id": 2,
    "zone_id": 1,
    "project_id": 1,
    "status": 1,
    "created_at": "2025-08-07T16:24:29.000000Z",
    "updated_at": "2025-08-07T16:24:29.000000Z",
    "floors": [],
    "panoramas": [
      {
        "image": "scene3",
        "latitude": -3.89999999999998,
        "longitude": 96.1
      },
      {
        "image": "scene4",
        "latitude": -174.8,
        "longitude": -0.0999999999999943
      }
    ],
    "building_type": {
      "id": 2,
      "name": "Type B",
      "slug": "type_b",
      "exterior": "",
      "project_id": 1,
      "created_at": "2025-08-07T16:24:29.000000Z",
      "updated_at": "2025-08-07T16:24:29.000000Z",
      "image": "https://admin.cy.anys.wizio.co.uk/uploads"
    }
  },
  {
    "id": 3,
    "name": "KB3",
    "slug": "b_465B3B",
    "type": "Villa",
    "total_floor": 0,
    "total_unit": 0,
    "building_type_id": 2,
    "zone_id": 1,
    "project_id": 1,
    "status": 1,
    "created_at": "2025-08-07T16:24:29.000000Z",
    "updated_at": "2025-08-07T16:24:29.000000Z",
    "floors": [],
    "panoramas": [
      {
        "image": "scene3",
        "latitude": -3.89999999999998,
        "longitude": 96.1
      },
      {
        "image": "scene4",
        "latitude": -174.8,
        "longitude": -0.0999999999999943
      }
    ],
    "building_type": {
      "id": 2,
      "name": "Type B",
      "slug": "type_b",
      "exterior": "",
      "project_id": 1,
      "created_at": "2025-08-07T16:24:29.000000Z",
      "updated_at": "2025-08-07T16:24:29.000000Z",
      "image": "https://admin.cy.anys.wizio.co.uk/uploads"
    }
  },
  {
    "id": 4,
    "name": "KB4",
    "slug": "b_936878",
    "type": "Villa",
    "total_floor": 0,
    "total_unit": 0,
    "building_type_id": 2,
    "zone_id": 1,
    "project_id": 1,
    "status": 1,
    "created_at": "2025-08-07T16:24:29.000000Z",
    "updated_at": "2025-08-07T16:24:29.000000Z",
    "floors": [],
    "panoramas": [
      {
        "image": "scene3",
        "latitude": -3.89999999999998,
        "longitude": 96.1
      },
      {
        "image": "scene4",
        "latitude": -174.8,
        "longitude": -0.0999999999999943
      }
    ],
    "building_type": {
      "id": 2,
      "name": "Type B",
      "slug": "type_b",
      "exterior": "",
      "project_id": 1,
      "created_at": "2025-08-07T16:24:29.000000Z",
      "updated_at": "2025-08-07T16:24:29.000000Z",
      "image": "https://admin.cy.anys.wizio.co.uk/uploads"
    }
  },
  {
    "id": 5,
    "name": "KB5",
    "slug": "b_601728",
    "type": "Villa",
    "total_floor": 0,
    "total_unit": 0,
    "building_type_id": 2,
    "zone_id": 1,
    "project_id": 1,
    "status": 1,
    "created_at": "2025-08-07T16:24:29.000000Z",
    "updated_at": "2025-08-07T16:24:29.000000Z",
    "floors": [],
    "panoramas": [
      {
        "image": "scene3",
        "latitude": -3.89999999999998,
        "longitude": 96.1
      },
      {
        "image": "scene4",
        "latitude": -174.8,
        "longitude": -0.0999999999999943
      }
    ],
    "building_type": {
      "id": 2,
      "name": "Type B",
      "slug": "type_b",
      "exterior": "",
      "project_id": 1,
      "created_at": "2025-08-07T16:24:29.000000Z",
      "updated_at": "2025-08-07T16:24:29.000000Z",
      "image": "https://admin.cy.anys.wizio.co.uk/uploads"
    }
  },
  {
    "id": 6,
    "name": "KA6",
    "slug": "b_353C67",
    "type": "Villa",
    "total_floor": 0,
    "total_unit": 0,
    "building_type_id": 1,
    "zone_id": 1,
    "project_id": 1,
    "status": 2,
    "created_at": "2025-08-07T16:24:29.000000Z",
    "updated_at": "2025-08-07T16:24:29.000000Z",
    "floors": [],
    "panoramas": [
      {
        "image": "scene3",
        "latitude": -3.89999999999998,
        "longitude": 96.1
      },
      {
        "image": "scene4",
        "latitude": -174.8,
        "longitude": -0.0999999999999943
      }
    ],
    "building_type": {
      "id": 1,
      "name": "Type A",
      "slug": "type_a",
      "exterior": "",
      "project_id": 1,
      "created_at": "2025-08-07T16:24:29.000000Z",
      "updated_at": "2025-08-07T16:24:29.000000Z",
      "image": "https://admin.cy.anys.wizio.co.uk/uploads"
    }
  },
  {
    "id": 7,
    "name": "KA7",
    "slug": "b_266F8C",
    "type": "Villa",
    "total_floor": 0,
    "total_unit": 0,
    "building_type_id": 1,
    "zone_id": 1,
    "project_id": 1,
    "status": 2,
    "created_at": "2025-08-07T16:24:29.000000Z",
    "updated_at": "2025-08-07T16:24:29.000000Z",
    "floors": [],
    "panoramas": [
      {
        "image": "scene3",
        "latitude": -3.89999999999998,
        "longitude": 96.1
      },
      {
        "image": "scene4",
        "latitude": -174.8,
        "longitude": -0.0999999999999943
      }
    ],
    "building_type": {
      "id": 1,
      "name": "Type A",
      "slug": "type_a",
      "exterior": "",
      "project_id": 1,
      "created_at": "2025-08-07T16:24:29.000000Z",
      "updated_at": "2025-08-07T16:24:29.000000Z",
      "image": "https://admin.cy.anys.wizio.co.uk/uploads"
    }
  },
  {
    "id": 8,
    "name": "KA8",
    "slug": "b_7C8951",
    "type": "Villa",
    "total_floor": 0,
    "total_unit": 0,
    "building_type_id": 1,
    "zone_id": 1,
    "project_id": 1,
    "status": 2,
    "created_at": "2025-08-07T16:24:29.000000Z",
    "updated_at": "2025-08-07T16:24:29.000000Z",
    "floors": [],
    "panoramas": [
      {
        "image": "scene3",
        "latitude": -3.89999999999998,
        "longitude": 96.1
      },
      {
        "image": "scene4",
        "latitude": -174.8,
        "longitude": -0.0999999999999943
      }
    ],
    "building_type": {
      "id": 1,
      "name": "Type A",
      "slug": "type_a",
      "exterior": "",
      "project_id": 1,
      "created_at": "2025-08-07T16:24:29.000000Z",
      "updated_at": "2025-08-07T16:24:29.000000Z",
      "image": "https://admin.cy.anys.wizio.co.uk/uploads"
    }
  },
  {
    "id": 9,
    "name": "KA9",
    "slug": "b_16406E",
    "type": "Villa",
    "total_floor": 0,
    "total_unit": 0,
    "building_type_id": 1,
    "zone_id": 1,
    "project_id": 1,
    "status": 2,
    "created_at": "2025-08-07T16:24:29.000000Z",
    "updated_at": "2025-08-07T16:24:29.000000Z",
    "floors": [],
    "panoramas": [
      {
        "image": "scene3",
        "latitude": -3.89999999999998,
        "longitude": 96.1
      },
      {
        "image": "scene4",
        "latitude": -174.8,
        "longitude": -0.0999999999999943
      }
    ],
    "building_type": {
      "id": 1,
      "name": "Type A",
      "slug": "type_a",
      "exterior": "",
      "project_id": 1,
      "created_at": "2025-08-07T16:24:29.000000Z",
      "updated_at": "2025-08-07T16:24:29.000000Z",
      "image": "https://admin.cy.anys.wizio.co.uk/uploads"
    }
  },
  {
    "id": 10,
    "name": "KA10",
    "slug": "b_67406D",
    "type": "Villa",
    "total_floor": 0,
    "total_unit": 0,
    "building_type_id": 1,
    "zone_id": 1,
    "project_id": 1,
    "status": 2,
    "created_at": "2025-08-07T16:24:29.000000Z",
    "updated_at": "2025-08-07T16:24:29.000000Z",
    "floors": [],
    "panoramas": [
      {
        "image": "scene3",
        "latitude": -3.89999999999998,
        "longitude": 96.1
      },
      {
        "image": "scene4",
        "latitude": -174.8,
        "longitude": -0.0999999999999943
      }
    ],
    "building_type": {
      "id": 1,
      "name": "Type A",
      "slug": "type_a",
      "exterior": "",
      "project_id": 1,
      "created_at": "2025-08-07T16:24:29.000000Z",
      "updated_at": "2025-08-07T16:24:29.000000Z",
      "image": "https://admin.cy.anys.wizio.co.uk/uploads"
    }
  },
  {
    "id": 11,
    "name": "KA11",
    "slug": "b_739594",
    "type": "Villa",
    "total_floor": 0,
    "total_unit": 0,
    "building_type_id": 1,
    "zone_id": 1,
    "project_id": 1,
    "status": 2,
    "created_at": "2025-08-07T16:24:29.000000Z",
    "updated_at": "2025-08-07T16:24:29.000000Z",
    "floors": [],
    "panoramas": [
      {
        "image": "scene3",
        "latitude": -3.89999999999998,
        "longitude": 96.1
      },
      {
        "image": "scene4",
        "latitude": -174.8,
        "longitude": -0.0999999999999943
      }
    ],
    "building_type": {
      "id": 1,
      "name": "Type A",
      "slug": "type_a",
      "exterior": "",
      "project_id": 1,
      "created_at": "2025-08-07T16:24:29.000000Z",
      "updated_at": "2025-08-07T16:24:29.000000Z",
      "image": "https://admin.cy.anys.wizio.co.uk/uploads"
    }
  },
  {
    "id": 12,
    "name": "KA12",
    "slug": "b_396365",
    "type": "Villa",
    "total_floor": 0,
    "total_unit": 0,
    "building_type_id": 1,
    "zone_id": 1,
    "project_id": 1,
    "status": 2,
    "created_at": "2025-08-07T16:24:29.000000Z",
    "updated_at": "2025-08-07T16:24:29.000000Z",
    "floors": [],
    "panoramas": [
      {
        "image": "scene3",
        "latitude": -3.89999999999998,
        "longitude": 96.1
      },
      {
        "image": "scene4",
        "latitude": -174.8,
        "longitude": -0.0999999999999943
      }
    ],
    "building_type": {
      "id": 1,
      "name": "Type A",
      "slug": "type_a",
      "exterior": "",
      "project_id": 1,
      "created_at": "2025-08-07T16:24:29.000000Z",
      "updated_at": "2025-08-07T16:24:29.000000Z",
      "image": "https://admin.cy.anys.wizio.co.uk/uploads"
    }
  },
  {
    "id": 13,
    "name": "KA14",
    "slug": "b_836A7D",
    "type": "Villa",
    "total_floor": 0,
    "total_unit": 0,
    "building_type_id": 1,
    "zone_id": 1,
    "project_id": 1,
    "status": 2,
    "created_at": "2025-08-07T16:24:29.000000Z",
    "updated_at": "2025-08-07T16:24:29.000000Z",
    "floors": [],
    "panoramas": [
      {
        "image": "scene3",
        "latitude": -3.89999999999998,
        "longitude": 96.1
      },
      {
        "image": "scene4",
        "latitude": -174.8,
        "longitude": -0.0999999999999943
      }
    ],
    "building_type": {
      "id": 1,
      "name": "Type A",
      "slug": "type_a",
      "exterior": "",
      "project_id": 1,
      "created_at": "2025-08-07T16:24:29.000000Z",
      "updated_at": "2025-08-07T16:24:29.000000Z",
      "image": "https://admin.cy.anys.wizio.co.uk/uploads"
    }
  },
  {
    "id": 14,
    "name": "KA15",
    "slug": "b_4A7C6F",
    "type": "Villa",
    "total_floor": 0,
    "total_unit": 0,
    "building_type_id": 1,
    "zone_id": 1,
    "project_id": 1,
    "status": 2,
    "created_at": "2025-08-07T16:24:29.000000Z",
    "updated_at": "2025-08-07T16:24:29.000000Z",
    "floors": [],
    "panoramas": [
      {
        "image": "scene3",
        "latitude": -3.89999999999998,
        "longitude": 96.1
      },
      {
        "image": "scene4",
        "latitude": -174.8,
        "longitude": -0.0999999999999943
      }
    ],
    "building_type": {
      "id": 1,
      "name": "Type A",
      "slug": "type_a",
      "exterior": "",
      "project_id": 1,
      "created_at": "2025-08-07T16:24:29.000000Z",
      "updated_at": "2025-08-07T16:24:29.000000Z",
      "image": "https://admin.cy.anys.wizio.co.uk/uploads"
    }
  },
  {
    "id": 15,
    "name": "KA16",
    "slug": "b_87518B",
    "type": "Villa",
    "total_floor": 0,
    "total_unit": 0,
    "building_type_id": 1,
    "zone_id": 1,
    "project_id": 1,
    "status": 2,
    "created_at": "2025-08-07T16:24:29.000000Z",
    "updated_at": "2025-08-07T16:24:29.000000Z",
    "floors": [],
    "panoramas": [
      {
        "image": "scene3",
        "latitude": -3.89999999999998,
        "longitude": 96.1
      },
      {
        "image": "scene4",
        "latitude": -174.8,
        "longitude": -0.0999999999999943
      }
    ],
    "building_type": {
      "id": 1,
      "name": "Type A",
      "slug": "type_a",
      "exterior": "",
      "project_id": 1,
      "created_at": "2025-08-07T16:24:29.000000Z",
      "updated_at": "2025-08-07T16:24:29.000000Z",
      "image": "https://admin.cy.anys.wizio.co.uk/uploads"
    }
  },
  {
    "id": 16,
    "name": "KA17",
    "slug": "b_636F8C",
    "type": "Villa",
    "total_floor": 0,
    "total_unit": 0,
    "building_type_id": 1,
    "zone_id": 1,
    "project_id": 1,
    "status": 2,
    "created_at": "2025-08-07T16:24:29.000000Z",
    "updated_at": "2025-08-07T16:24:29.000000Z",
    "floors": [],
    "panoramas": [
      {
        "image": "scene3",
        "latitude": -3.89999999999998,
        "longitude": 96.1
      },
      {
        "image": "scene4",
        "latitude": -174.8,
        "longitude": -0.0999999999999943
      }
    ],
    "building_type": {
      "id": 1,
      "name": "Type A",
      "slug": "type_a",
      "exterior": "",
      "project_id": 1,
      "created_at": "2025-08-07T16:24:29.000000Z",
      "updated_at": "2025-08-07T16:24:29.000000Z",
      "image": "https://admin.cy.anys.wizio.co.uk/uploads"
    }
  },
  {
    "id": 17,
    "name": "KA18",
    "slug": "b_789288",
    "type": "Villa",
    "total_floor": 0,
    "total_unit": 0,
    "building_type_id": 1,
    "zone_id": 1,
    "project_id": 1,
    "status": 2,
    "created_at": "2025-08-07T16:24:29.000000Z",
    "updated_at": "2025-08-07T16:24:29.000000Z",
    "floors": [],
    "panoramas": [
      {
        "image": "scene3",
        "latitude": -3.89999999999998,
        "longitude": 96.1
      },
      {
        "image": "scene4",
        "latitude": -174.8,
        "longitude": -0.0999999999999943
      }
    ],
    "building_type": {
      "id": 1,
      "name": "Type A",
      "slug": "type_a",
      "exterior": "",
      "project_id": 1,
      "created_at": "2025-08-07T16:24:29.000000Z",
      "updated_at": "2025-08-07T16:24:29.000000Z",
      "image": "https://admin.cy.anys.wizio.co.uk/uploads"
    }
  },
  {
    "id": 18,
    "name": "KA19",
    "slug": "b_87508A",
    "type": "Villa",
    "total_floor": 0,
    "total_unit": 0,
    "building_type_id": 1,
    "zone_id": 1,
    "project_id": 1,
    "status": 2,
    "created_at": "2025-08-07T16:24:29.000000Z",
    "updated_at": "2025-08-07T16:24:29.000000Z",
    "floors": [],
    "panoramas": [
      {
        "image": "scene3",
        "latitude": -3.89999999999998,
        "longitude": 96.1
      },
      {
        "image": "scene4",
        "latitude": -174.8,
        "longitude": -0.0999999999999943
      }
    ],
    "building_type": {
      "id": 1,
      "name": "Type A",
      "slug": "type_a",
      "exterior": "",
      "project_id": 1,
      "created_at": "2025-08-07T16:24:29.000000Z",
      "updated_at": "2025-08-07T16:24:29.000000Z",
      "image": "https://admin.cy.anys.wizio.co.uk/uploads"
    }
  },
  {
    "id": 19,
    "name": "KA20",
    "slug": "b_835A39",
    "type": "Villa",
    "total_floor": 0,
    "total_unit": 0,
    "building_type_id": 1,
    "zone_id": 1,
    "project_id": 1,
    "status": 2,
    "created_at": "2025-08-07T16:24:29.000000Z",
    "updated_at": "2025-08-07T16:24:29.000000Z",
    "floors": [],
    "panoramas": [
      {
        "image": "scene3",
        "latitude": -3.89999999999998,
        "longitude": 96.1
      },
      {
        "image": "scene4",
        "latitude": -174.8,
        "longitude": -0.0999999999999943
      }
    ],
    "building_type": {
      "id": 1,
      "name": "Type A",
      "slug": "type_a",
      "exterior": "",
      "project_id": 1,
      "created_at": "2025-08-07T16:24:29.000000Z",
      "updated_at": "2025-08-07T16:24:29.000000Z",
      "image": "https://admin.cy.anys.wizio.co.uk/uploads"
    }
  },
  {
    "id": 20,
    "name": "KA21",
    "slug": "b_668D6C",
    "type": "Villa",
    "total_floor": 0,
    "total_unit": 0,
    "building_type_id": 1,
    "zone_id": 1,
    "project_id": 1,
    "status": 2,
    "created_at": "2025-08-07T16:24:29.000000Z",
    "updated_at": "2025-08-07T16:24:29.000000Z",
    "floors": [],
    "panoramas": [
      {
        "image": "scene3",
        "latitude": -3.89999999999998,
        "longitude": 96.1
      },
      {
        "image": "scene4",
        "latitude": -174.8,
        "longitude": -0.0999999999999943
      }
    ],
    "building_type": {
      "id": 1,
      "name": "Type A",
      "slug": "type_a",
      "exterior": "",
      "project_id": 1,
      "created_at": "2025-08-07T16:24:29.000000Z",
      "updated_at": "2025-08-07T16:24:29.000000Z",
      "image": "https://admin.cy.anys.wizio.co.uk/uploads"
    }
  },
  {
    "id": 21,
    "name": "KA22",
    "slug": "b_8F4F88",
    "type": "Villa",
    "total_floor": 0,
    "total_unit": 0,
    "building_type_id": 1,
    "zone_id": 1,
    "project_id": 1,
    "status": 2,
    "created_at": "2025-08-07T16:24:29.000000Z",
    "updated_at": "2025-08-07T16:24:29.000000Z",
    "floors": [],
    "panoramas": [
      {
        "image": "scene3",
        "latitude": -3.89999999999998,
        "longitude": 96.1
      },
      {
        "image": "scene4",
        "latitude": -174.8,
        "longitude": -0.0999999999999943
      }
    ],
    "building_type": {
      "id": 1,
      "name": "Type A",
      "slug": "type_a",
      "exterior": "",
      "project_id": 1,
      "created_at": "2025-08-07T16:24:29.000000Z",
      "updated_at": "2025-08-07T16:24:29.000000Z",
      "image": "https://admin.cy.anys.wizio.co.uk/uploads"
    }
  },
  {
    "id": 22,
    "name": "KA23",
    "slug": "b_6E4D83",
    "type": "Villa",
    "total_floor": 0,
    "total_unit": 0,
    "building_type_id": 1,
    "zone_id": 1,
    "project_id": 1,
    "status": 3,
    "created_at": "2025-08-07T16:24:29.000000Z",
    "updated_at": "2025-08-07T16:24:29.000000Z",
    "floors": [],
    "panoramas": [
      {
        "image": "scene3",
        "latitude": -3.89999999999998,
        "longitude": 96.1
      },
      {
        "image": "scene4",
        "latitude": -174.8,
        "longitude": -0.0999999999999943
      }
    ],
    "building_type": {
      "id": 1,
      "name": "Type A",
      "slug": "type_a",
      "exterior": "",
      "project_id": 1,
      "created_at": "2025-08-07T16:24:29.000000Z",
      "updated_at": "2025-08-07T16:24:29.000000Z",
      "image": "https://admin.cy.anys.wizio.co.uk/uploads"
    }
  },
  {
    "id": 23,
    "name": "KA24",
    "slug": "b_8E0C16",
    "type": "Villa",
    "total_floor": 0,
    "total_unit": 0,
    "building_type_id": 1,
    "zone_id": 1,
    "project_id": 1,
    "status": 1,
    "created_at": "2025-08-07T16:24:29.000000Z",
    "updated_at": "2025-08-07T16:24:29.000000Z",
    "floors": [],
    "panoramas": [
      {
        "image": "scene3",
        "latitude": -3.89999999999998,
        "longitude": 96.1
      },
      {
        "image": "scene4",
        "latitude": -174.8,
        "longitude": -0.0999999999999943
      }
    ],
    "building_type": {
      "id": 1,
      "name": "Type A",
      "slug": "type_a",
      "exterior": "",
      "project_id": 1,
      "created_at": "2025-08-07T16:24:29.000000Z",
      "updated_at": "2025-08-07T16:24:29.000000Z",
      "image": "https://admin.cy.anys.wizio.co.uk/uploads"
    }
  },
  {
    "id": 24,
    "name": "KA25",
    "slug": "b_875A3A",
    "type": "Villa",
    "total_floor": 0,
    "total_unit": 0,
    "building_type_id": 1,
    "zone_id": 1,
    "project_id": 1,
    "status": 1,
    "created_at": "2025-08-07T16:24:29.000000Z",
    "updated_at": "2025-08-07T16:24:29.000000Z",
    "floors": [],
    "panoramas": [
      {
        "image": "scene3",
        "latitude": -3.89999999999998,
        "longitude": 96.1
      },
      {
        "image": "scene4",
        "latitude": -174.8,
        "longitude": -0.0999999999999943
      }
    ],
    "building_type": {
      "id": 1,
      "name": "Type A",
      "slug": "type_a",
      "exterior": "",
      "project_id": 1,
      "created_at": "2025-08-07T16:24:29.000000Z",
      "updated_at": "2025-08-07T16:24:29.000000Z",
      "image": "https://admin.cy.anys.wizio.co.uk/uploads"
    }
  },
  {
    "id": 25,
    "name": "KA26",
    "slug": "b_685591",
    "type": "Villa",
    "total_floor": 0,
    "total_unit": 0,
    "building_type_id": 1,
    "zone_id": 1,
    "project_id": 1,
    "status": 3,
    "created_at": "2025-08-07T16:24:29.000000Z",
    "updated_at": "2025-08-07T16:24:29.000000Z",
    "floors": [],
    "panoramas": [
      {
        "image": "scene3",
        "latitude": -3.89999999999998,
        "longitude": 96.1
      },
      {
        "image": "scene4",
        "latitude": -174.8,
        "longitude": -0.0999999999999943
      }
    ],
    "building_type": {
      "id": 1,
      "name": "Type A",
      "slug": "type_a",
      "exterior": "",
      "project_id": 1,
      "created_at": "2025-08-07T16:24:29.000000Z",
      "updated_at": "2025-08-07T16:24:29.000000Z",
      "image": "https://admin.cy.anys.wizio.co.uk/uploads"
    }
  },
  {
    "id": 26,
    "name": "KA27",
    "slug": "b_718182",
    "type": "Villa",
    "total_floor": 0,
    "total_unit": 0,
    "building_type_id": 1,
    "zone_id": 1,
    "project_id": 1,
    "status": 1,
    "created_at": "2025-08-07T16:24:29.000000Z",
    "updated_at": "2025-08-07T16:24:29.000000Z",
    "floors": [],
    "panoramas": [
      {
        "image": "scene3",
        "latitude": -3.89999999999998,
        "longitude": 96.1
      },
      {
        "image": "scene4",
        "latitude": -174.8,
        "longitude": -0.0999999999999943
      }
    ],
    "building_type": {
      "id": 1,
      "name": "Type A",
      "slug": "type_a",
      "exterior": "",
      "project_id": 1,
      "created_at": "2025-08-07T16:24:29.000000Z",
      "updated_at": "2025-08-07T16:24:29.000000Z",
      "image": "https://admin.cy.anys.wizio.co.uk/uploads"
    }
  },
  {
    "id": 27,
    "name": "KA28",
    "slug": "b_5A5E4F",
    "type": "Villa",
    "total_floor": 0,
    "total_unit": 0,
    "building_type_id": 1,
    "zone_id": 1,
    "project_id": 1,
    "status": 3,
    "created_at": "2025-08-07T16:24:29.000000Z",
    "updated_at": "2025-08-07T16:24:29.000000Z",
    "floors": [],
    "panoramas": [
      {
        "image": "scene3",
        "latitude": -3.89999999999998,
        "longitude": 96.1
      },
      {
        "image": "scene4",
        "latitude": -174.8,
        "longitude": -0.0999999999999943
      }
    ],
    "building_type": {
      "id": 1,
      "name": "Type A",
      "slug": "type_a",
      "exterior": "",
      "project_id": 1,
      "created_at": "2025-08-07T16:24:29.000000Z",
      "updated_at": "2025-08-07T16:24:29.000000Z",
      "image": "https://admin.cy.anys.wizio.co.uk/uploads"
    }
  },
  {
    "id": 28,
    "name": "KA29",
    "slug": "b_8A9181",
    "type": "Villa",
    "total_floor": 0,
    "total_unit": 0,
    "building_type_id": 1,
    "zone_id": 1,
    "project_id": 1,
    "status": 3,
    "created_at": "2025-08-07T16:24:29.000000Z",
    "updated_at": "2025-08-07T16:24:29.000000Z",
    "floors": [],
    "panoramas": [
      {
        "image": "scene3",
        "latitude": -3.89999999999998,
        "longitude": 96.1
      },
      {
        "image": "scene4",
        "latitude": -174.8,
        "longitude": -0.0999999999999943
      }
    ],
    "building_type": {
      "id": 1,
      "name": "Type A",
      "slug": "type_a",
      "exterior": "",
      "project_id": 1,
      "created_at": "2025-08-07T16:24:29.000000Z",
      "updated_at": "2025-08-07T16:24:29.000000Z",
      "image": "https://admin.cy.anys.wizio.co.uk/uploads"
    }
  },
  {
    "id": 29,
    "name": "KA30",
    "slug": "b_8D7F7C",
    "type": "Villa",
    "total_floor": 0,
    "total_unit": 0,
    "building_type_id": 1,
    "zone_id": 1,
    "project_id": 1,
    "status": 3,
    "created_at": "2025-08-07T16:24:29.000000Z",
    "updated_at": "2025-08-07T16:24:29.000000Z",
    "floors": [],
    "panoramas": [
      {
        "image": "scene3",
        "latitude": -3.89999999999998,
        "longitude": 96.1
      },
      {
        "image": "scene4",
        "latitude": -174.8,
        "longitude": -0.0999999999999943
      }
    ],
    "building_type": {
      "id": 1,
      "name": "Type A",
      "slug": "type_a",
      "exterior": "",
      "project_id": 1,
      "created_at": "2025-08-07T16:24:29.000000Z",
      "updated_at": "2025-08-07T16:24:29.000000Z",
      "image": "https://admin.cy.anys.wizio.co.uk/uploads"
    }
  },
  {
    "id": 30,
    "name": "KA31",
    "slug": "b_579285",
    "type": "Villa",
    "total_floor": 0,
    "total_unit": 0,
    "building_type_id": 1,
    "zone_id": 1,
    "project_id": 1,
    "status": 3,
    "created_at": "2025-08-07T16:24:29.000000Z",
    "updated_at": "2025-08-07T16:24:29.000000Z",
    "floors": [],
    "panoramas": [
      {
        "image": "scene3",
        "latitude": -3.89999999999998,
        "longitude": 96.1
      },
      {
        "image": "scene4",
        "latitude": -174.8,
        "longitude": -0.0999999999999943
      }
    ],
    "building_type": {
      "id": 1,
      "name": "Type A",
      "slug": "type_a",
      "exterior": "",
      "project_id": 1,
      "created_at": "2025-08-07T16:24:29.000000Z",
      "updated_at": "2025-08-07T16:24:29.000000Z",
      "image": "https://admin.cy.anys.wizio.co.uk/uploads"
    }
  },
  {
    "id": 31,
    "name": "KA32",
    "slug": "b_898B5C",
    "type": "Villa",
    "total_floor": 0,
    "total_unit": 0,
    "building_type_id": 1,
    "zone_id": 1,
    "project_id": 1,
    "status": 3,
    "created_at": "2025-08-07T16:24:29.000000Z",
    "updated_at": "2025-08-07T16:24:29.000000Z",
    "floors": [],
    "panoramas": [
      {
        "image": "scene3",
        "latitude": -3.89999999999998,
        "longitude": 96.1
      },
      {
        "image": "scene4",
        "latitude": -174.8,
        "longitude": 5.80000000000001
      }
    ],
    "building_type": {
      "id": 1,
      "name": "Type A",
      "slug": "type_a",
      "exterior": "",
      "project_id": 1,
      "created_at": "2025-08-07T16:24:29.000000Z",
      "updated_at": "2025-08-07T16:24:29.000000Z",
      "image": "https://admin.cy.anys.wizio.co.uk/uploads"
    }
  },
  {
    "id": 32,
    "name": "KA33",
    "slug": "b_90764B",
    "type": "Villa",
    "total_floor": 0,
    "total_unit": 0,
    "building_type_id": 1,
    "zone_id": 1,
    "project_id": 1,
    "status": 3,
    "created_at": "2025-08-07T16:24:29.000000Z",
    "updated_at": "2025-08-07T16:24:29.000000Z",
    "floors": [],
    "panoramas": [
      {
        "image": "scene2",
        "latitude": -3.89999999999998,
        "longitude": 96.1
      },
      {
        "image": "scene4",
        "latitude": -174.8,
        "longitude": -0.0999999999999943
      }
    ],
    "building_type": {
      "id": 1,
      "name": "Type A",
      "slug": "type_a",
      "exterior": "",
      "project_id": 1,
      "created_at": "2025-08-07T16:24:29.000000Z",
      "updated_at": "2025-08-07T16:24:29.000000Z",
      "image": "https://admin.cy.anys.wizio.co.uk/uploads"
    }
  },
  {
    "id": 33,
    "name": "KA34",
    "slug": "b_496F8C",
    "type": "Villa",
    "total_floor": 0,
    "total_unit": 0,
    "building_type_id": 1,
    "zone_id": 1,
    "project_id": 1,
    "status": 3,
    "created_at": "2025-08-07T16:24:29.000000Z",
    "updated_at": "2025-08-07T16:24:29.000000Z",
    "floors": [],
    "panoramas": [
      {
        "image": "scene2",
        "latitude": -3.89999999999998,
        "longitude": 96.1
      },
      {
        "image": "scene4",
        "latitude": -174.8,
        "longitude": -0.0999999999999943
      }
    ],
    "building_type": {
      "id": 1,
      "name": "Type A",
      "slug": "type_a",
      "exterior": "",
      "project_id": 1,
      "created_at": "2025-08-07T16:24:29.000000Z",
      "updated_at": "2025-08-07T16:24:29.000000Z",
      "image": "https://admin.cy.anys.wizio.co.uk/uploads"
    }
  },
  {
    "id": 34,
    "name": "KA35",
    "slug": "b_8E938D",
    "type": "Villa",
    "total_floor": 0,
    "total_unit": 0,
    "building_type_id": 1,
    "zone_id": 1,
    "project_id": 1,
    "status": 3,
    "created_at": "2025-08-07T16:24:29.000000Z",
    "updated_at": "2025-08-07T16:24:29.000000Z",
    "floors": [],
    "panoramas": [
      {
        "image": "scene2",
        "latitude": -3.89999999999998,
        "longitude": 96.1
      },
      {
        "image": "scene4",
        "latitude": -174.8,
        "longitude": -0.0999999999999943
      }
    ],
    "building_type": {
      "id": 1,
      "name": "Type A",
      "slug": "type_a",
      "exterior": "",
      "project_id": 1,
      "created_at": "2025-08-07T16:24:29.000000Z",
      "updated_at": "2025-08-07T16:24:29.000000Z",
      "image": "https://admin.cy.anys.wizio.co.uk/uploads"
    }
  },
  {
    "id": 35,
    "name": "KA36",
    "slug": "b_8E9592",
    "type": "Villa",
    "total_floor": 0,
    "total_unit": 0,
    "building_type_id": 1,
    "zone_id": 1,
    "project_id": 1,
    "status": 1,
    "created_at": "2025-08-07T16:24:29.000000Z",
    "updated_at": "2025-08-07T16:24:29.000000Z",
    "floors": [],
    "panoramas": [
      {
        "image": "scene2",
        "latitude": -3.89999999999998,
        "longitude": 96.1
      },
      {
        "image": "scene4",
        "latitude": -174.8,
        "longitude": -0.0999999999999943
      }
    ],
    "building_type": {
      "id": 1,
      "name": "Type A",
      "slug": "type_a",
      "exterior": "",
      "project_id": 1,
      "created_at": "2025-08-07T16:24:29.000000Z",
      "updated_at": "2025-08-07T16:24:29.000000Z",
      "image": "https://admin.cy.anys.wizio.co.uk/uploads"
    }
  },
  {
    "id": 36,
    "name": "KA37",
    "slug": "b_81907A",
    "type": "Villa",
    "total_floor": 0,
    "total_unit": 0,
    "building_type_id": 1,
    "zone_id": 1,
    "project_id": 1,
    "status": 1,
    "created_at": "2025-08-07T16:24:29.000000Z",
    "updated_at": "2025-08-07T16:24:29.000000Z",
    "floors": [],
    "panoramas": [
      {
        "image": "scene2",
        "latitude": -3.89999999999998,
        "longitude": 96.1
      },
      {
        "image": "scene4",
        "latitude": -174.8,
        "longitude": -0.0999999999999943
      }
    ],
    "building_type": {
      "id": 1,
      "name": "Type A",
      "slug": "type_a",
      "exterior": "",
      "project_id": 1,
      "created_at": "2025-08-07T16:24:29.000000Z",
      "updated_at": "2025-08-07T16:24:29.000000Z",
      "image": "https://admin.cy.anys.wizio.co.uk/uploads"
    }
  },
  {
    "id": 37,
    "name": "KA38",
    "slug": "b_8F5A33",
    "type": "Villa",
    "total_floor": 0,
    "total_unit": 0,
    "building_type_id": 1,
    "zone_id": 1,
    "project_id": 1,
    "status": 1,
    "created_at": "2025-08-07T16:24:29.000000Z",
    "updated_at": "2025-08-07T16:24:29.000000Z",
    "floors": [],
    "panoramas": [
      {
        "image": "scene2",
        "latitude": -3.89999999999998,
        "longitude": 96.1
      },
      {
        "image": "scene4",
        "latitude": -174.8,
        "longitude": -0.0999999999999943
      }
    ],
    "building_type": {
      "id": 1,
      "name": "Type A",
      "slug": "type_a",
      "exterior": "",
      "project_id": 1,
      "created_at": "2025-08-07T16:24:29.000000Z",
      "updated_at": "2025-08-07T16:24:29.000000Z",
      "image": "https://admin.cy.anys.wizio.co.uk/uploads"
    }
  },
  {
    "id": 38,
    "name": "KA39",
    "slug": "b_504E85",
    "type": "Villa",
    "total_floor": 0,
    "total_unit": 0,
    "building_type_id": 1,
    "zone_id": 1,
    "project_id": 1,
    "status": 1,
    "created_at": "2025-08-07T16:24:29.000000Z",
    "updated_at": "2025-08-07T16:24:29.000000Z",
    "floors": [],
    "panoramas": [
      {
        "image": "scene2",
        "latitude": -3.89999999999998,
        "longitude": 96.1
      },
      {
        "image": "scene4",
        "latitude": -174.8,
        "longitude": -0.0999999999999943
      }
    ],
    "building_type": {
      "id": 1,
      "name": "Type A",
      "slug": "type_a",
      "exterior": "",
      "project_id": 1,
      "created_at": "2025-08-07T16:24:29.000000Z",
      "updated_at": "2025-08-07T16:24:29.000000Z",
      "image": "https://admin.cy.anys.wizio.co.uk/uploads"
    }
  },
  {
    "id": 39,
    "name": "KA40",
    "slug": "b_1F5A33",
    "type": "Villa",
    "total_floor": 0,
    "total_unit": 0,
    "building_type_id": 1,
    "zone_id": 1,
    "project_id": 1,
    "status": 1,
    "created_at": "2025-08-07T16:24:29.000000Z",
    "updated_at": "2025-08-07T16:24:29.000000Z",
    "floors": [],
    "panoramas": [
      {
        "image": "scene2",
        "latitude": -3.89999999999998,
        "longitude": 96.1
      },
      {
        "image": "scene4",
        "latitude": -174.8,
        "longitude": -0.0999999999999943
      }
    ],
    "building_type": {
      "id": 1,
      "name": "Type A",
      "slug": "type_a",
      "exterior": "",
      "project_id": 1,
      "created_at": "2025-08-07T16:24:29.000000Z",
      "updated_at": "2025-08-07T16:24:29.000000Z",
      "image": "https://admin.cy.anys.wizio.co.uk/uploads"
    }
  },
  {
    "id": 40,
    "name": "KA41",
    "slug": "b_729592",
    "type": "Villa",
    "total_floor": 0,
    "total_unit": 0,
    "building_type_id": 1,
    "zone_id": 1,
    "project_id": 1,
    "status": 3,
    "created_at": "2025-08-07T16:24:29.000000Z",
    "updated_at": "2025-08-07T16:24:29.000000Z",
    "floors": [],
    "panoramas": [
      {
        "image": "scene2",
        "latitude": -3.89999999999998,
        "longitude": 96.1
      },
      {
        "image": "scene4",
        "latitude": -174.8,
        "longitude": -0.0999999999999943
      }
    ],
    "building_type": {
      "id": 1,
      "name": "Type A",
      "slug": "type_a",
      "exterior": "",
      "project_id": 1,
      "created_at": "2025-08-07T16:24:29.000000Z",
      "updated_at": "2025-08-07T16:24:29.000000Z",
      "image": "https://admin.cy.anys.wizio.co.uk/uploads"
    }
  },
  {
    "id": 41,
    "name": "KA42",
    "slug": "b_95917F",
    "type": "Villa",
    "total_floor": 0,
    "total_unit": 0,
    "building_type_id": 1,
    "zone_id": 1,
    "project_id": 1,
    "status": 3,
    "created_at": "2025-08-07T16:24:29.000000Z",
    "updated_at": "2025-08-07T16:24:29.000000Z",
    "floors": [],
    "panoramas": [
      {
        "image": "scene2",
        "latitude": -3.89999999999998,
        "longitude": 96.1
      },
      {
        "image": "scene4",
        "latitude": -174.8,
        "longitude": -0.0999999999999943
      }
    ],
    "building_type": {
      "id": 1,
      "name": "Type A",
      "slug": "type_a",
      "exterior": "",
      "project_id": 1,
      "created_at": "2025-08-07T16:24:29.000000Z",
      "updated_at": "2025-08-07T16:24:29.000000Z",
      "image": "https://admin.cy.anys.wizio.co.uk/uploads"
    }
  },
  {
    "id": 42,
    "name": "KA43",
    "slug": "b_745795",
    "type": "Villa",
    "total_floor": 0,
    "total_unit": 0,
    "building_type_id": 1,
    "zone_id": 1,
    "project_id": 1,
    "status": 3,
    "created_at": "2025-08-07T16:24:29.000000Z",
    "updated_at": "2025-08-07T16:24:29.000000Z",
    "floors": [],
    "panoramas": [
      {
        "image": "scene2",
        "latitude": -3.89999999999998,
        "longitude": 96.1
      },
      {
        "image": "scene4",
        "latitude": -174.8,
        "longitude": -0.0999999999999943
      }
    ],
    "building_type": {
      "id": 1,
      "name": "Type A",
      "slug": "type_a",
      "exterior": "",
      "project_id": 1,
      "created_at": "2025-08-07T16:24:29.000000Z",
      "updated_at": "2025-08-07T16:24:29.000000Z",
      "image": "https://admin.cy.anys.wizio.co.uk/uploads"
    }
  },
  {
    "id": 43,
    "name": "KA44",
    "slug": "b_906C85",
    "type": "Villa",
    "total_floor": 0,
    "total_unit": 0,
    "building_type_id": 1,
    "zone_id": 1,
    "project_id": 1,
    "status": 3,
    "created_at": "2025-08-07T16:24:29.000000Z",
    "updated_at": "2025-08-07T16:24:29.000000Z",
    "floors": [],
    "panoramas": [
      {
        "image": "scene2",
        "latitude": -3.89999999999998,
        "longitude": 96.1
      },
      {
        "image": "scene4",
        "latitude": -174.8,
        "longitude": -0.0999999999999943
      }
    ],
    "building_type": {
      "id": 1,
      "name": "Type A",
      "slug": "type_a",
      "exterior": "",
      "project_id": 1,
      "created_at": "2025-08-07T16:24:29.000000Z",
      "updated_at": "2025-08-07T16:24:29.000000Z",
      "image": "https://admin.cy.anys.wizio.co.uk/uploads"
    }
  },
  {
    "id": 44,
    "name": "KA45",
    "slug": "b_3F838B",
    "type": "Villa",
    "total_floor": 0,
    "total_unit": 0,
    "building_type_id": 1,
    "zone_id": 1,
    "project_id": 1,
    "status": 3,
    "created_at": "2025-08-07T16:24:29.000000Z",
    "updated_at": "2025-08-07T16:24:29.000000Z",
    "floors": [],
    "panoramas": [
      {
        "image": "scene2",
        "latitude": -3.89999999999998,
        "longitude": 96.1
      },
      {
        "image": "scene4",
        "latitude": -174.8,
        "longitude": -0.0999999999999943
      }
    ],
    "building_type": {
      "id": 1,
      "name": "Type A",
      "slug": "type_a",
      "exterior": "",
      "project_id": 1,
      "created_at": "2025-08-07T16:24:29.000000Z",
      "updated_at": "2025-08-07T16:24:29.000000Z",
      "image": "https://admin.cy.anys.wizio.co.uk/uploads"
    }
  },
  {
    "id": 45,
    "name": "KA46",
    "slug": "b_807B6A",
    "type": "Villa",
    "total_floor": 0,
    "total_unit": 0,
    "building_type_id": 1,
    "zone_id": 1,
    "project_id": 1,
    "status": 3,
    "created_at": "2025-08-07T16:24:29.000000Z",
    "updated_at": "2025-08-07T16:24:29.000000Z",
    "floors": [],
    "panoramas": [
      {
        "image": "scene2",
        "latitude": -3.89999999999998,
        "longitude": 96.1
      },
      {
        "image": "scene4",
        "latitude": -174.8,
        "longitude": -0.0999999999999943
      }
    ],
    "building_type": {
      "id": 1,
      "name": "Type A",
      "slug": "type_a",
      "exterior": "",
      "project_id": 1,
      "created_at": "2025-08-07T16:24:29.000000Z",
      "updated_at": "2025-08-07T16:24:29.000000Z",
      "image": "https://admin.cy.anys.wizio.co.uk/uploads"
    }
  },
  {
    "id": 46,
    "name": "KA47",
    "slug": "b_767A64",
    "type": "Villa",
    "total_floor": 0,
    "total_unit": 0,
    "building_type_id": 1,
    "zone_id": 1,
    "project_id": 1,
    "status": 3,
    "created_at": "2025-08-07T16:24:29.000000Z",
    "updated_at": "2025-08-07T16:24:29.000000Z",
    "floors": [],
    "panoramas": [
      {
        "image": "scene2",
        "latitude": -3.89999999999998,
        "longitude": 96.1
      },
      {
        "image": "scene4",
        "latitude": -174.8,
        "longitude": -0.0999999999999943
      }
    ],
    "building_type": {
      "id": 1,
      "name": "Type A",
      "slug": "type_a",
      "exterior": "",
      "project_id": 1,
      "created_at": "2025-08-07T16:24:29.000000Z",
      "updated_at": "2025-08-07T16:24:29.000000Z",
      "image": "https://admin.cy.anys.wizio.co.uk/uploads"
    }
  },
  {
    "id": 47,
    "name": "KA48",
    "slug": "b_684A7E",
    "type": "Villa",
    "total_floor": 0,
    "total_unit": 0,
    "building_type_id": 1,
    "zone_id": 1,
    "project_id": 1,
    "status": 3,
    "created_at": "2025-08-07T16:24:29.000000Z",
    "updated_at": "2025-08-07T16:24:29.000000Z",
    "floors": [],
    "panoramas": [
      {
        "image": "scene2",
        "latitude": -3.89999999999998,
        "longitude": 96.1
      },
      {
        "image": "scene4",
        "latitude": -174.8,
        "longitude": -0.0999999999999943
      }
    ],
    "building_type": {
      "id": 1,
      "name": "Type A",
      "slug": "type_a",
      "exterior": "",
      "project_id": 1,
      "created_at": "2025-08-07T16:24:29.000000Z",
      "updated_at": "2025-08-07T16:24:29.000000Z",
      "image": "https://admin.cy.anys.wizio.co.uk/uploads"
    }
  },
  {
    "id": 48,
    "name": "KA49",
    "slug": "b_636D85",
    "type": "Villa",
    "total_floor": 0,
    "total_unit": 0,
    "building_type_id": 1,
    "zone_id": 1,
    "project_id": 1,
    "status": 1,
    "created_at": "2025-08-07T16:24:29.000000Z",
    "updated_at": "2025-08-07T16:24:29.000000Z",
    "floors": [],
    "panoramas": [
      {
        "image": "scene2",
        "latitude": -3.89999999999998,
        "longitude": 96.1
      },
      {
        "image": "scene4",
        "latitude": -174.8,
        "longitude": -0.0999999999999943
      }
    ],
    "building_type": {
      "id": 1,
      "name": "Type A",
      "slug": "type_a",
      "exterior": "",
      "project_id": 1,
      "created_at": "2025-08-07T16:24:29.000000Z",
      "updated_at": "2025-08-07T16:24:29.000000Z",
      "image": "https://admin.cy.anys.wizio.co.uk/uploads"
    }
  },
  {
    "id": 49,
    "name": "KA50",
    "slug": "b_898B5F",
    "type": "Villa",
    "total_floor": 0,
    "total_unit": 0,
    "building_type_id": 1,
    "zone_id": 1,
    "project_id": 1,
    "status": 1,
    "created_at": "2025-08-07T16:24:29.000000Z",
    "updated_at": "2025-08-07T16:24:29.000000Z",
    "floors": [],
    "panoramas": [
      {
        "image": "scene2",
        "latitude": -3.89999999999998,
        "longitude": 96.1
      },
      {
        "image": "scene4",
        "latitude": -174.8,
        "longitude": -0.0999999999999943
      }
    ],
    "building_type": {
      "id": 1,
      "name": "Type A",
      "slug": "type_a",
      "exterior": "",
      "project_id": 1,
      "created_at": "2025-08-07T16:24:29.000000Z",
      "updated_at": "2025-08-07T16:24:29.000000Z",
      "image": "https://admin.cy.anys.wizio.co.uk/uploads"
    }
  },
  {
    "id": 50,
    "name": "KA51",
    "slug": "b_454B81",
    "type": "Villa",
    "total_floor": 0,
    "total_unit": 0,
    "building_type_id": 1,
    "zone_id": 1,
    "project_id": 1,
    "status": 1,
    "created_at": "2025-08-07T16:24:29.000000Z",
    "updated_at": "2025-08-07T16:24:29.000000Z",
    "floors": [],
    "panoramas": [
      {
        "image": "scene2",
        "latitude": -3.89999999999998,
        "longitude": 96.1
      },
      {
        "image": "scene4",
        "latitude": -174.8,
        "longitude": -0.0999999999999943
      }
    ],
    "building_type": {
      "id": 1,
      "name": "Type A",
      "slug": "type_a",
      "exterior": "",
      "project_id": 1,
      "created_at": "2025-08-07T16:24:29.000000Z",
      "updated_at": "2025-08-07T16:24:29.000000Z",
      "image": "https://admin.cy.anys.wizio.co.uk/uploads"
    }
  },
  {
    "id": 51,
    "name": "KA52",
    "slug": "b_3E7C70",
    "type": "Villa",
    "total_floor": 0,
    "total_unit": 0,
    "building_type_id": 1,
    "zone_id": 1,
    "project_id": 1,
    "status": 1,
    "created_at": "2025-08-07T16:24:29.000000Z",
    "updated_at": "2025-08-07T16:24:29.000000Z",
    "floors": [],
    "panoramas": [
      {
        "image": "scene2",
        "latitude": -3.89999999999998,
        "longitude": 96.1
      },
      {
        "image": "scene4",
        "latitude": -174.8,
        "longitude": -0.0999999999999943
      }
    ],
    "building_type": {
      "id": 1,
      "name": "Type A",
      "slug": "type_a",
      "exterior": "",
      "project_id": 1,
      "created_at": "2025-08-07T16:24:29.000000Z",
      "updated_at": "2025-08-07T16:24:29.000000Z",
      "image": "https://admin.cy.anys.wizio.co.uk/uploads"
    }
  },
  {
    "id": 52,
    "name": "KA53",
    "slug": "b_6D9591",
    "type": "Villa",
    "total_floor": 0,
    "total_unit": 0,
    "building_type_id": 1,
    "zone_id": 1,
    "project_id": 1,
    "status": 1,
    "created_at": "2025-08-07T16:24:29.000000Z",
    "updated_at": "2025-08-07T16:24:29.000000Z",
    "floors": [],
    "panoramas": [
       {"image": "scene2","latitude": -3.89999999999998,
      "longitude": 96.1
    },
    {
      "image": "scene4",
      "latitude": -174.8,
      "longitude": -0.0999999999999943
    }
  ],
  "building_type": {
    "id": 1,
    "name": "Type A",
    "slug": "type_a",
    "exterior": "",
    "project_id": 1,
    "created_at": "2025-08-07T16:24:29.000000Z",
    "updated_at": "2025-08-07T16:24:29.000000Z",
    "image": "https://admin.cy.anys.wizio.co.uk/uploads"
  }
},
{
  "id": 53,
  "name": "KA54",
  "slug": "b_7B7544",
  "type": "Villa",
  "total_floor": 0,
  "total_unit": 0,
  "building_type_id": 1,
  "zone_id": 1,
  "project_id": 1,
  "status": 3,
  "created_at": "2025-08-07T16:24:29.000000Z",
  "updated_at": "2025-08-07T16:24:29.000000Z",
  "floors": [],
  "panoramas": [
  {"image": "scene2","latitude": -3.89999999999998,
    "longitude": 96.1
  },
  {
    "image": "scene4",
    "latitude": -174.8,
    "longitude": -0.0999999999999943
  }
],
"building_type": {
  "id": 1,
  "name": "Type A",
  "slug": "type_a",
  "exterior": "",
  "project_id": 1,
  "created_at": "2025-08-07T16:24:29.000000Z",
  "updated_at": "2025-08-07T16:24:29.000000Z",
  "image": "https://admin.cy.anys.wizio.co.uk/uploads"
}
},
{
"id": 54,
"name": "KA55",
"slug": "b_601220",
"type": "Villa",
"total_floor": 0,
"total_unit": 0,
"building_type_id": 1,
"zone_id": 1,
"project_id": 1,
"status": 3,
"created_at": "2025-08-07T16:24:29.000000Z",
"updated_at": "2025-08-07T16:24:29.000000Z",
"floors": [],
"panoramas": [
  {
    "image": "scene2",
    "latitude": -3.89999999999998,
    "longitude": 96.1
  },
  {
    "image": "scene4",
    "latitude": -174.8,
    "longitude": -0.0999999999999943
  }
],
"building_type": {
  "id": 1,
  "name": "Type A",
  "slug": "type_a",
  "exterior": "",
  "project_id": 1,
  "created_at": "2025-08-07T16:24:29.000000Z",
  "updated_at": "2025-08-07T16:24:29.000000Z",
  "image": "https://admin.cy.anys.wizio.co.uk/uploads"
}
},
{
"id": 55,
"name": "KA56",
"slug": "b_958695",
"type": "Villa",
"total_floor": 0,
"total_unit": 0,
"building_type_id": 1,
"zone_id": 1,
"project_id": 1,
"status": 3,
"created_at": "2025-08-07T16:24:29.000000Z",
"updated_at": "2025-08-07T16:24:29.000000Z",
"floors": [],
"panoramas": [
  {
    "image": "scene2",
    "latitude": -3.89999999999998,
    "longitude": 96.1
  },
  {
    "image": "scene4",
    "latitude": -174.8,
    "longitude": -0.0999999999999943
  }
],
"building_type": {
  "id": 1,
  "name": "Type A",
  "slug": "type_a",
  "exterior": "",
  "project_id": 1,
  "created_at": "2025-08-07T16:24:29.000000Z",
  "updated_at": "2025-08-07T16:24:29.000000Z",
  "image": "https://admin.cy.anys.wizio.co.uk/uploads"
}
},
{
"id": 56,
"name": "KA57",
"slug": "b_54795F",
"type": "Villa",
"total_floor": 0,
"total_unit": 0,
"building_type_id": 1,
"zone_id": 1,
"project_id": 1,
"status": 3,
"created_at": "2025-08-07T16:24:29.000000Z",
"updated_at": "2025-08-07T16:24:29.000000Z",
"floors": [],
"panoramas": [
  {
    "image": "scene2",
    "latitude": -3.89999999999998,
    "longitude": 96.1
  },
  {
    "image": "scene4",
    "latitude": -174.8,
    "longitude": -0.0999999999999943
  }
],
"building_type": {
  "id": 1,
  "name": "Type A",
  "slug": "type_a",
  "exterior": "",
  "project_id": 1,
  "created_at": "2025-08-07T16:24:29.000000Z",
  "updated_at": "2025-08-07T16:24:29.000000Z",
  "image": "https://admin.cy.anys.wizio.co.uk/uploads"
}
},
{
"id": 57,
"name": "KA58",
"slug": "b_745929",
"type": "Villa",
"total_floor": 0,
"total_unit": 0,
"building_type_id": 1,
"zone_id": 1,
"project_id": 1,
"status": 3,
"created_at": "2025-08-07T16:24:29.000000Z",
"updated_at": "2025-08-07T16:24:29.000000Z",
"floors": [],
"panoramas": [
  {
    "image": "scene2",
    "latitude": -3.89999999999998,
    "longitude": 96.1
  },
  {
    "image": "scene4",
    "latitude": -174.8,
    "longitude": -0.0999999999999943
  }
],
"building_type": {
  "id": 1,
  "name": "Type A",
  "slug": "type_a",
  "exterior": "",
  "project_id": 1,
  "created_at": "2025-08-07T16:24:29.000000Z",
  "updated_at": "2025-08-07T16:24:29.000000Z",
  "image": "https://admin.cy.anys.wizio.co.uk/uploads"
}
},
{
"id": 58,
"name": "KA59",
"slug": "b_835B3C",
"type": "Villa",
"total_floor": 0,
"total_unit": 0,
"building_type_id": 1,
"zone_id": 1,
"project_id": 1,
"status": 3,
"created_at": "2025-08-07T16:24:29.000000Z",
"updated_at": "2025-08-07T16:24:29.000000Z",
"floors": [],
"panoramas": [
  {
    "image": "scene2",
    "latitude": -3.89999999999998,
    "longitude": 96.1
  },
  {
    "image": "scene4",
    "latitude": -174.8,
    "longitude": -0.0999999999999943
  }
],
"building_type": {
  "id": 1,
  "name": "Type A",
  "slug": "type_a",
  "exterior": "",
  "project_id": 1,
  "created_at": "2025-08-07T16:24:29.000000Z",
  "updated_at": "2025-08-07T16:24:29.000000Z",
  "image": "https://admin.cy.anys.wizio.co.uk/uploads"
}
},
{
"id": 59,
"name": "KA60",
"slug": "b_717E78",
"type": "Villa",
"total_floor": 0,
"total_unit": 0,
"building_type_id": 1,
"zone_id": 1,
"project_id": 1,
"status": 3,
"created_at": "2025-08-07T16:24:29.000000Z",
"updated_at": "2025-08-07T16:24:29.000000Z",
"floors": [],
"panoramas": [
  {
    "image": "scene2",
    "latitude": -3.89999999999998,
    "longitude": 96.1
  },
  {
    "image": "scene4",
    "latitude": -174.8,
    "longitude": -0.0999999999999943
  }
],
"building_type": {
  "id": 1,
  "name": "Type A",
  "slug": "type_a",
  "exterior": "",
  "project_id": 1,
  "created_at": "2025-08-07T16:24:29.000000Z",
  "updated_at": "2025-08-07T16:24:29.000000Z",
  "image": "https://admin.cy.anys.wizio.co.uk/uploads"
}
},
{
"id": 60,
"name": "KA61",
"slug": "b_658844",
"type": "Villa",
"total_floor": 0,
"total_unit": 0,
"building_type_id": 1,
"zone_id": 1,
"project_id": 1,
"status": 3,
"created_at": "2025-08-07T16:24:29.000000Z",
"updated_at": "2025-08-07T16:24:29.000000Z",
"floors": [],
"panoramas": [
  {
    "image": "scene2",
    "latitude": -3.89999999999998,
    "longitude": 96.1
  },
  {
    "image": "scene4",
    "latitude": -174.8,
    "longitude": -0.0999999999999943
  }
],
"building_type": {
  "id": 1,
  "name": "Type A",
  "slug": "type_a",
  "exterior": "",
  "project_id": 1,
  "created_at": "2025-08-07T16:24:29.000000Z",
  "updated_at": "2025-08-07T16:24:29.000000Z",
  "image": "https://admin.cy.anys.wizio.co.uk/uploads"
}
},
{
"id": 61,
"name": "KA62",
"slug": "b_3C732B",
"type": "Villa",
"total_floor": 0,
"total_unit": 0,
"building_type_id": 1,
"zone_id": 1,
"project_id": 1,
"status": 3,
"created_at": "2025-08-07T16:24:29.000000Z",
"updated_at": "2025-08-07T16:24:29.000000Z",
"floors": [],
"panoramas": [
  {
    "image": "scene2",
    "latitude": -3.89999999999998,
    "longitude": 96.1
  },
  {
    "image": "scene4",
    "latitude": -174.8,
    "longitude": -0.0999999999999943
  }
],
"building_type": {
  "id": 1,
  "name": "Type A",
  "slug": "type_a",
  "exterior": "",
  "project_id": 1,
  "created_at": "2025-08-07T16:24:29.000000Z",
  "updated_at": "2025-08-07T16:24:29.000000Z",
  "image": "https://admin.cy.anys.wizio.co.uk/uploads"
}
},
{
"id": 62,
"name": "KA63",
"slug": "b_267191",
"type": "Villa",
"total_floor": 0,
"total_unit": 0,
"building_type_id": 1,
"zone_id": 1,
"project_id": 1,
"status": 3,
"created_at": "2025-08-07T16:24:29.000000Z",
"updated_at": "2025-08-07T16:24:29.000000Z",
"floors": [],
"panoramas": [
  {
    "image": "scene2",
    "latitude": -3.89999999999998,
    "longitude": 96.1
  },
  {
    "image": "scene4",
    "latitude": -174.8,
    "longitude": -0.0999999999999943
  }
],
"building_type": {
  "id": 1,
  "name": "Type A",
  "slug": "type_a",
  "exterior": "",
  "project_id": 1,
  "created_at": "2025-08-07T16:24:29.000000Z",
  "updated_at": "2025-08-07T16:24:29.000000Z",
  "image": "https://admin.cy.anys.wizio.co.uk/uploads"
}
},
{
"id": 63,
"name": "KA64",
"slug": "b_8F538D",
"type": "Villa",
"total_floor": 0,
"total_unit": 0,
"building_type_id": 1,
"zone_id": 1,
"project_id": 1,
"status": 3,
"created_at": "2025-08-07T16:24:29.000000Z",
"updated_at": "2025-08-07T16:24:29.000000Z",
"floors": [],
"panoramas": [
  {
    "image": "scene2",
    "latitude": -3.89999999999998,
    "longitude": 96.1
  },
  {
    "image": "scene4",
    "latitude": -174.8,
    "longitude": -0.0999999999999943
  }
],
"building_type": {
  "id": 1,
  "name": "Type A",
  "slug": "type_a",
  "exterior": "",
  "project_id": 1,
  "created_at": "2025-08-07T16:24:29.000000Z",
  "updated_at": "2025-08-07T16:24:29.000000Z",
  "image": "https://admin.cy.anys.wizio.co.uk/uploads"
}
},
{
"id": 64,
"name": "KA65",
"slug": "b_8C7293",
"type": "Villa",
"total_floor": 0,
"total_unit": 0,
"building_type_id": 1,
"zone_id": 1,
"project_id": 1,
"status": 3,
"created_at": "2025-08-07T16:24:30.000000Z",
"updated_at": "2025-08-07T16:24:30.000000Z",
"floors": [],
"panoramas": [
  {
    "image": "scene2",
    "latitude": -3.89999999999998,
    "longitude": 96.1
  },
  {
    "image": "scene4",
    "latitude": -174.8,
    "longitude": -0.0999999999999943
  }
],
"building_type": {
  "id": 1,
  "name": "Type A",
  "slug": "type_a",
  "exterior": "",
  "project_id": 1,
  "created_at": "2025-08-07T16:24:29.000000Z",
  "updated_at": "2025-08-07T16:24:29.000000Z",
  "image": "https://admin.cy.anys.wizio.co.uk/uploads"
}
},
{
"id": 65,
"name": "KA66",
"slug": "b_907437",
"type": "Villa",
"total_floor": 0,
"total_unit": 0,
"building_type_id": 1,
"zone_id": 1,
"project_id": 1,
"status": 3,
"created_at": "2025-08-07T16:24:30.000000Z",
"updated_at": "2025-08-07T16:24:30.000000Z",
"floors": [],
"panoramas": [
  {
    "image": "scene2",
    "latitude": -3.89999999999998,
    "longitude": 96.1
  },
  {
    "image": "scene4",
    "latitude": -174.8,
    "longitude": -0.0999999999999943
  }
],
"building_type": {
  "id": 1,
  "name": "Type A",
  "slug": "type_a",
  "exterior": "",
  "project_id": 1,
  "created_at": "2025-08-07T16:24:29.000000Z",
  "updated_at": "2025-08-07T16:24:29.000000Z",
  "image": "https://admin.cy.anys.wizio.co.uk/uploads"
}
},
{
"id": 66,
"name": "KA67",
"slug": "b_8C6D87",
"type": "Villa",
"total_floor": 0,
"total_unit": 0,
"building_type_id": 1,
"zone_id": 1,
"project_id": 1,
"status": 3,
"created_at": "2025-08-07T16:24:30.000000Z",
"updated_at": "2025-08-07T16:24:30.000000Z",
"floors": [],
"panoramas": [
  {
    "image": "scene2",
    "latitude": -3.89999999999998,
    "longitude": 96.1
  },
  {
    "image": "scene4",
    "latitude": -174.8,
    "longitude": -0.0999999999999943
  }
],
"building_type": {
  "id": 1,
  "name": "Type A",
  "slug": "type_a",
  "exterior": "",
  "project_id": 1,
  "created_at": "2025-08-07T16:24:29.000000Z",
  "updated_at": "2025-08-07T16:24:29.000000Z",
  "image": "https://admin.cy.anys.wizio.co.uk/uploads"
}
},
{
"id": 67,
"name": "KA68",
"slug": "b_658695",
"type": "Villa",
"total_floor": 0,
"total_unit": 0,
"building_type_id": 1,
"zone_id": 1,
"project_id": 1,
"status": 3,
"created_at": "2025-08-07T16:24:30.000000Z",
"updated_at": "2025-08-07T16:24:30.000000Z",
"floors": [],
"panoramas": [
  {
    "image": "scene2",
    "latitude": -3.89999999999998,
    "longitude": 96.1
  },
  {
    "image": "scene4",
    "latitude": -174.8,
    "longitude": -0.0999999999999943
  }
],
"building_type": {
  "id": 1,
  "name": "Type A",
  "slug": "type_a",
  "exterior": "",
  "project_id": 1,
  "created_at": "2025-08-07T16:24:29.000000Z",
  "updated_at": "2025-08-07T16:24:29.000000Z",
  "image": "https://admin.cy.anys.wizio.co.uk/uploads"
}
},
{
"id": 68,
"name": "KA69",
"slug": "b_718613",
"type": "Villa",
"total_floor": 0,
"total_unit": 0,
"building_type_id": 2,
"zone_id": 1,
"project_id": 1,
"status": 1,
"created_at": "2025-08-07T16:24:30.000000Z",
"updated_at": "2025-08-07T16:24:30.000000Z",
"floors": [],
"panoramas": [
  {
    "image": "scene2",
    "latitude": -3.89999999999998,
    "longitude": 96.1
  },
  {
    "image": "scene4",
    "latitude": -174.8,
    "longitude": -0.0999999999999943
  }
],
"building_type": {
  "id": 2,
  "name": "Type B",
  "slug": "type_b",
  "exterior": "",
  "project_id": 1,
  "created_at": "2025-08-07T16:24:29.000000Z",
  "updated_at": "2025-08-07T16:24:29.000000Z",
  "image": "https://admin.cy.anys.wizio.co.uk/uploads"
}
},
{
"id": 69,
"name": "KA70",
"slug": "b_887755",
"type": "Villa",
"total_floor": 0,
"total_unit": 0,
"building_type_id": 1,
"zone_id": 1,
"project_id": 1,
"status": 3,
"created_at": "2025-08-07T16:24:30.000000Z",
"updated_at": "2025-08-07T16:24:30.000000Z",
"floors": [],
"panoramas": [
  {
    "image": "scene2",
    "latitude": -3.89999999999998,
    "longitude": 96.1
  },
  {
    "image": "scene4",
    "latitude": -174.8,
    "longitude": -0.0999999999999943
  }
],
"building_type": {
  "id": 1,
  "name": "Type A",
  "slug": "type_a",
  "exterior": "",
  "project_id": 1,
  "created_at": "2025-08-07T16:24:29.000000Z",
  "updated_at": "2025-08-07T16:24:29.000000Z",
  "image": "https://admin.cy.anys.wizio.co.uk/uploads"
}
},
{
"id": 70,
"name": "KA71",
"slug": "b_4F2E4F",
"type": "Villa",
"total_floor": 0,
"total_unit": 0,
"building_type_id": 1,
"zone_id": 1,
"project_id": 1,
"status": 3,
"created_at": "2025-08-07T16:24:30.000000Z",
"updated_at": "2025-08-07T16:24:30.000000Z",
"floors": [],
"panoramas": [
  {
    "image": "scene2",
    "latitude": -3.89999999999998,
    "longitude": 96.1
  },
  {
    "image": "scene4",
    "latitude": -174.8,
    "longitude": -0.0999999999999943
  }
],
"building_type": {
  "id": 1,
  "name": "Type A",
  "slug": "type_a",
  "exterior": "",
  "project_id": 1,
  "created_at": "2025-08-07T16:24:29.000000Z",
  "updated_at": "2025-08-07T16:24:29.000000Z",
  "image": "https://admin.cy.anys.wizio.co.uk/uploads"
}
},
{
"id": 71,
"name": "KA72",
"slug": "b_7E4678",
"type": "Villa",
"total_floor": 0,
"total_unit": 0,
"building_type_id": 1,
"zone_id": 1,
"project_id": 1,
"status": 3,
"created_at": "2025-08-07T16:24:30.000000Z",
"updated_at": "2025-08-07T16:24:30.000000Z",
"floors": [],
"panoramas": [
  {
    "image": "scene2",
    "latitude": -3.89999999999998,
    "longitude": 96.1
  },
  {
    "image": "scene4",
    "latitude": -174.8,
    "longitude": -0.0999999999999943
  }
],
"building_type": {
  "id": 1,
  "name": "Type A",
  "slug": "type_a",
  "exterior": "",
  "project_id": 1,
  "created_at": "2025-08-07T16:24:29.000000Z",
  "updated_at": "2025-08-07T16:24:29.000000Z",
  "image": "https://admin.cy.anys.wizio.co.uk/uploads"
}
},
{
"id": 72,
"name": "KA73",
"slug": "b_707B6B",
"type": "Villa",
"total_floor": 0,
"total_unit": 0,
"building_type_id": 1,
"zone_id": 1,
"project_id": 1,
"status": 3,
"created_at": "2025-08-07T16:24:30.000000Z",
"updated_at": "2025-08-07T16:24:30.000000Z",
"floors": [],
"panoramas": [
  {
      "image": "scene2",
      "latitude": -3.89999999999998,
      "longitude": 96.1
    },
    {
      "image": "scene4",
      "latitude": -174.8,
      "longitude": -0.0999999999999943
    }       
  
],
"building_type": {
  "id": 1,
  "name": "Type A",
  "slug": "type_a",
  "exterior": "",
  "project_id": 1,
  "created_at": "2025-08-07T16:24:29.000000Z",
  "updated_at": "2025-08-07T16:24:29.000000Z",
  "image": "https://admin.cy.anys.wizio.co.uk/uploads"
}
},
{
"id": 73,
"name": "KA74",
"slug": "b_602540",
"type": "Villa",
"total_floor": 0,
"total_unit": 0,
"building_type_id": 1,
"zone_id": 1,
"project_id": 1,
"status": 3,
"created_at": "2025-08-07T16:24:30.000000Z",
"updated_at": "2025-08-07T16:24:30.000000Z",
"floors": [],
"panoramas": [
  {
    "image": "scene2",
    "latitude": -3.89999999999998,
    "longitude": 96.1
  },
  {
    "image": "scene4",
    "latitude": -174.8,
    "longitude": -0.0999999999999943
  }
],
"building_type": {
  "id": 1,
  "name": "Type A",
  "slug": "type_a",
  "exterior": "",
  "project_id": 1,
  "created_at": "2025-08-07T16:24:29.000000Z",
  "updated_at": "2025-08-07T16:24:29.000000Z",
  "image": "https://admin.cy.anys.wizio.co.uk/uploads"
}
},
{
"id": 74,
"name": "KA75",
"slug": "b_3F8491",
"type": "Villa",
"total_floor": 0,
"total_unit": 0,
"building_type_id": 1,
"zone_id": 1,
"project_id": 1,
"status": 3,
"created_at": "2025-08-07T16:24:30.000000Z",
"updated_at": "2025-08-07T16:24:30.000000Z",
"floors": [],
"panoramas": [
  {
    "image": "scene2",
    "latitude": -3.89999999999998,
    "longitude": 96.1
  },
  {
    "image": "scene4",
    "latitude": -174.8,
    "longitude": -0.0999999999999943
  }
],
"building_type": {
  "id": 1,
  "name": "Type A",
  "slug": "type_a",
  "exterior": "",
  "project_id": 1,
  "created_at": "2025-08-07T16:24:29.000000Z",
  "updated_at": "2025-08-07T16:24:29.000000Z",
  "image": "https://admin.cy.anys.wizio.co.uk/uploads"
}
}
]